nombre,href
José Abad Cuenú,https://fbref.com/es/jugadores/32b32e92/Jose-Abad-Cuenu
Joao Abonia,https://fbref.com/es/jugadores/50b666eb/Joao-Abonia
Humberto Acevedo,https://fbref.com/es/jugadores/13b6c09b/Humberto-Acevedo
Felipe Acosta,https://fbref.com/es/jugadores/430847b9/Felipe-Acosta
Jaime Acosta,https://fbref.com/es/jugadores/861a4850/Jaime-Acosta
Onel Acosta,https://fbref.com/es/jugadores/4ab0d41c/Onel-Acosta
Sebastián Acosta,https://fbref.com/es/jugadores/1f1f20af/Sebastian-Acosta
Viviana Acosta,https://fbref.com/es/jugadores/4c38a244/Viviana-Acosta
Andres Aedo,https://fbref.com/es/jugadores/6c39a529/Andres-Aedo
Bleiner Agrón,https://fbref.com/es/jugadores/9a5930fd/Bleiner-Agron
Jonathan Agudelo,https://fbref.com/es/jugadores/c86c0fab/Jonathan-Agudelo
Kevin Agudelo,https://fbref.com/es/jugadores/46fa7204/Kevin-Agudelo
Felipe Aguilar,https://fbref.com/es/jugadores/c285529f/Felipe-Aguilar
Santiago Aguilar,https://fbref.com/es/jugadores/52e3813c/Santiago-Aguilar
James Aguirre,https://fbref.com/es/jugadores/931d5350/James-Aguirre
Kevin Aladesanmi,https://fbref.com/es/jugadores/6fa3a035/Kevin-Aladesanmi
Andrés Alarcón,https://fbref.com/es/jugadores/bc54ec4d/Andres-Alarcon
Argenis Alba,https://fbref.com/es/jugadores/e2ec6a76/Argenis-Alba
Israel Alba,https://fbref.com/es/jugadores/5abf2810/Israel-Alba
Carlos Alberto Uhía,https://fbref.com/es/jugadores/9162c964/Carlos-Alberto-Uhia
Omar Albornoz,https://fbref.com/es/jugadores/8f504f7a/Omar-Albornoz
Juan Alegría,https://fbref.com/es/jugadores/b78bc7f4/Juan-Alegria
Diego Alejandro Martínez,https://fbref.com/es/jugadores/c9819186/Diego-Alejandro-Martinez
Luis Alejandro Paz,https://fbref.com/es/jugadores/792aecce/Luis-Alejandro-Paz
Janeth Aleman,https://fbref.com/es/jugadores/cdcdac92/Janeth-Aleman
Jhons Altamiranda,https://fbref.com/es/jugadores/c590b114/Jhons-Altamiranda
Jaime Alvarado,https://fbref.com/es/jugadores/0cb5f8bb/Jaime-Alvarado
Alejandro Álvarez,https://fbref.com/es/jugadores/e8238686/Alejandro-Alvarez
Éder Álvarez Balanta,https://fbref.com/es/jugadores/8ce30c57/Eder-Alvarez-Balanta
Fernando Álvarez,https://fbref.com/es/jugadores/e2e96950/Fernando-Alvarez
Miguel Alvarez,https://fbref.com/es/jugadores/9a1b24c2/Miguel-Alvarez
Julián Alveiro Quiñones,https://fbref.com/es/jugadores/71d5fdc4/Julian-Alveiro-Quinones
Steven Alzate,https://fbref.com/es/jugadores/ad1f61f3/Steven-Alzate
Jhojan Amaya,https://fbref.com/es/jugadores/956cdb7f/Jhojan-Amaya
Jorge Amaya,https://fbref.com/es/jugadores/58ee42a4/Jorge-Amaya
Miguel Amaya,https://fbref.com/es/jugadores/0007f973/Miguel-Amaya
José Ampudia,https://fbref.com/es/jugadores/5157cfaa/Jose-Ampudia
Julian Anaya,https://fbref.com/es/jugadores/7ff608a3/Julian-Anaya
Andrés Andrade,https://fbref.com/es/jugadores/6fe53d33/Andres-Andrade
Darwin Andrade,https://fbref.com/es/jugadores/69f48782/Darwin-Andrade
Kevin Andrade,https://fbref.com/es/jugadores/a5130046/Kevin-Andrade
Lady Andrade,https://fbref.com/es/jugadores/64dbc61b/Lady-Andrade
Jhoyler Andrades,https://fbref.com/es/jugadores/23e4c21d/Jhoyler-Andrades
Juan Andres Balanta,https://fbref.com/es/jugadores/874d9c04/Juan-Andres-Balanta
Omar Andres Bertel,https://fbref.com/es/jugadores/ce1c0b3e/Omar-Andres-Bertel
Juan Andrés Bolaños,https://fbref.com/es/jugadores/d47303e7/Juan-Andres-Bolanos
Carlos Andrés Ramírez,https://fbref.com/es/jugadores/7f083ee1/Carlos-Andres-Ramirez
Fabián Ángel,https://fbref.com/es/jugadores/df64e45e/Fabian-Angel
Miguel Ángel Murillo,https://fbref.com/es/jugadores/be0ea201/Miguel-Angel-Murillo
Tomas Ángel,https://fbref.com/es/jugadores/c7230a25/Tomas-Angel
Álvaro Angulo,https://fbref.com/es/jugadores/17e03cdd/Alvaro-Angulo
Anderson Angulo,https://fbref.com/es/jugadores/6f7cc442/Anderson-Angulo
Brayan Angulo,https://fbref.com/es/jugadores/af31b77b/Brayan-Angulo
Iván Angulo,https://fbref.com/es/jugadores/55a5d959/Ivan-Angulo
Jan Ángulo,https://fbref.com/es/jugadores/f178ea86/Jan-Angulo
Jeison Angulo,https://fbref.com/es/jugadores/7c033200/Jeison-Angulo
Julián Angulo,https://fbref.com/es/jugadores/561af97d/Julian-Angulo
Larry Angulo,https://fbref.com/es/jugadores/78b859ec/Larry-Angulo
Leandro Angulo,https://fbref.com/es/jugadores/e6df9305/Leandro-Angulo
Libinton Angulo,https://fbref.com/es/jugadores/2b437567/Libinton-Angulo
Luis Angulo,https://fbref.com/es/jugadores/88ad94f7/Luis-Angulo
Brayan Angulo Mosquera,https://fbref.com/es/jugadores/b661e058/Brayan-Angulo-Mosquera
Sergio Aponzá,https://fbref.com/es/jugadores/39e140ab/Sergio-Aponza
Wilinton Aponzá,https://fbref.com/es/jugadores/6d058717/Wilinton-Aponza
Orles Aragón,https://fbref.com/es/jugadores/ccfd824e/Orles-Aragon
Cristian Arango,https://fbref.com/es/jugadores/fea9401e/Cristian-Arango
Estefano Arango,https://fbref.com/es/jugadores/317f0fb3/Estefano-Arango
Hector Arango,https://fbref.com/es/jugadores/df13f195/Hector-Arango
John Arango,https://fbref.com/es/jugadores/b4c2a30e/John-Arango
Juan Arango,https://fbref.com/es/jugadores/fcefe7f2/Juan-Arango
Jhon Araujo,https://fbref.com/es/jugadores/fbafeb17/Jhon-Araujo
Iván Arboleda,https://fbref.com/es/jugadores/f8cfae1f/Ivan-Arboleda
Yair Arboleda,https://fbref.com/es/jugadores/0a4df1c7/Yair-Arboleda
Yilber Arboleda,https://fbref.com/es/jugadores/ef99dcdf/Yilber-Arboleda
Juan Arce,https://fbref.com/es/jugadores/2380da33/Juan-Arce
Daniel Arcila,https://fbref.com/es/jugadores/d6dfc13f/Daniel-Arcila
Nicolás Árevalo,https://fbref.com/es/jugadores/1f102340/Nicolas-Arevalo
Carolina Arias,https://fbref.com/es/jugadores/68b79313/Carolina-Arias
Daniela Arias,https://fbref.com/es/jugadores/24a238da/Daniela-Arias
Jhon Arias,https://fbref.com/es/jugadores/86d96066/Jhon-Arias
Juan Arias,https://fbref.com/es/jugadores/a36efa99/Juan-Arias
Santiago Arias,https://fbref.com/es/jugadores/fdd60087/Santiago-Arias
Emilio Aristizábal,https://fbref.com/es/jugadores/268dec15/Emilio-Aristizabal
Juan Aristizábal,https://fbref.com/es/jugadores/bc1bc4e5/Juan-Aristizabal
Juan Aristizábal,https://fbref.com/es/jugadores/e625892a/Juan-Aristizabal
Andrés Ariza,https://fbref.com/es/jugadores/f4eec611/Andres-Ariza
Elver Arizala,https://fbref.com/es/jugadores/eb3536b9/Elver-Arizala
Juan Arizala,https://fbref.com/es/jugadores/82f2e5c8/Juan-Arizala
Eduar Arízalas,https://fbref.com/es/jugadores/c8af3576/Eduar-Arizalas
Mauricio Armero,https://fbref.com/es/jugadores/502873fc/Mauricio-Armero
Kevin Armesto,https://fbref.com/es/jugadores/0c8eef50/Kevin-Armesto
Emmanuel Arrechea,https://fbref.com/es/jugadores/bc16b65a/Emmanuel-Arrechea
Cristian Arrieta,https://fbref.com/es/jugadores/bb5149ee/Cristian-Arrieta
Jesús Arrieta,https://fbref.com/es/jugadores/c787d4ec/Jesus-Arrieta
Anderson Arroyo,https://fbref.com/es/jugadores/4bd451cb/Anderson-Arroyo
Andrés Arroyo,https://fbref.com/es/jugadores/f32f115d/Andres-Arroyo
Alejandro Artunduaga,https://fbref.com/es/jugadores/fceadb9b/Alejandro-Artunduaga
Dairon Asprilla,https://fbref.com/es/jugadores/218d336c/Dairon-Asprilla
Jhoiner Asprilla,https://fbref.com/es/jugadores/7efdb892/Jhoiner-Asprilla
Juan Asprilla,https://fbref.com/es/jugadores/807fc771/Juan-Asprilla
Julio César Murillo Asprilla,https://fbref.com/es/jugadores/ec52f124/Julio-Cesar-Murillo-Asprilla
Yaser Asprilla,https://fbref.com/es/jugadores/d139daf9/Yaser-Asprilla
Eduard Atuesta,https://fbref.com/es/jugadores/60990b81/Eduard-Atuesta
Juan Ávalo,https://fbref.com/es/jugadores/3ddca063/Juan-Avalo
Sergio Avellaneda,https://fbref.com/es/jugadores/2693f34c/Sergio-Avellaneda
Carlos Bacca,https://fbref.com/es/jugadores/09a9e921/Carlos-Bacca
Miller Bacca,https://fbref.com/es/jugadores/0a6666ea/Miller-Bacca
Ángelo Balanta,https://fbref.com/es/jugadores/91f37c8f/Angelo-Balanta
Geimer Balanta,https://fbref.com/es/jugadores/581b267d/Geimer-Balanta
Jhon Balanta,https://fbref.com/es/jugadores/69f720a0/Jhon-Balanta
Kevin Balanta,https://fbref.com/es/jugadores/a5737fd0/Kevin-Balanta
Leyvin Balanta,https://fbref.com/es/jugadores/b062d6fd/Leyvin-Balanta
Marlon Balanta,https://fbref.com/es/jugadores/333c2cc0/Marlon-Balanta
Cristian Baldovino,https://fbref.com/es/jugadores/46f21270/Cristian-Baldovino
Jhon Balzan Riascos,https://fbref.com/es/jugadores/eb3e9c55/Jhon-Balzan-Riascos
Geovanni Banguera,https://fbref.com/es/jugadores/ae6581fe/Geovanni-Banguera
Jhon Banguera,https://fbref.com/es/jugadores/8bb4c92e/Jhon-Banguera
Arlen Banguero,https://fbref.com/es/jugadores/de0e9837/Arlen-Banguero
Danovis Banguero,https://fbref.com/es/jugadores/731ba146/Danovis-Banguero
Eduard Banguero,https://fbref.com/es/jugadores/ba74aad0/Eduard-Banguero
Fabian Banguero,https://fbref.com/es/jugadores/8fcdca93/Fabian-Banguero
Cristian Baquero,https://fbref.com/es/jugadores/20a3e543/Cristian-Baquero
Ángela Barón,https://fbref.com/es/jugadores/5622ebc4/Angela-Baron
Michael Barragán,https://fbref.com/es/jugadores/0f9b6922/Michael-Barragan
Jaine Barreiro,https://fbref.com/es/jugadores/743d5a0e/Jaine-Barreiro
Jarlan Barrera,https://fbref.com/es/jugadores/13ff0028/Jarlan-Barrera
Jerónimo Barrera,https://fbref.com/es/jugadores/7ce00840/Jeronimo-Barrera
Jordan Barrera,https://fbref.com/es/jugadores/abe7a9c6/Jordan-Barrera
Oscar Barreto,https://fbref.com/es/jugadores/9964fc60/Oscar-Barreto
Cristian Barrios,https://fbref.com/es/jugadores/69b57d35/Cristian-Barrios
Federico Barrios,https://fbref.com/es/jugadores/aa080378/Federico-Barrios
Michael Barrios,https://fbref.com/es/jugadores/df782c79/Michael-Barrios
Wílmar Barrios,https://fbref.com/es/jugadores/8e7f49d3/Wilmar-Barrios
Edwin Fabricio Castro Barros,https://fbref.com/es/jugadores/893441d1/Edwin-Fabricio-Castro-Barros
Enmerson Batalla,https://fbref.com/es/jugadores/2ca7201b/Enmerson-Batalla
Andy Batioja,https://fbref.com/es/jugadores/ff625e8a/Andy-Batioja
Julián Bazán,https://fbref.com/es/jugadores/283da796/Julian-Bazan
Jork Becerra,https://fbref.com/es/jugadores/35b952d0/Jork-Becerra
Samuel Bello,https://fbref.com/es/jugadores/34caca3c/Samuel-Bello
Eduar Beltrán,https://fbref.com/es/jugadores/4a11cb04/Eduar-Beltran
Dayron Benavides,https://fbref.com/es/jugadores/b3782457/Dayron-Benavides
Nicolás Benedetti,https://fbref.com/es/jugadores/6cdb3f42/Nicolas-Benedetti
Royner Benítez,https://fbref.com/es/jugadores/bdc04731/Royner-Benitez
Gustavo Benjumea,https://fbref.com/es/jugadores/6daa96b7/Gustavo-Benjumea
Leider Berdugo,https://fbref.com/es/jugadores/58907c8f/Leider-Berdugo
Jorge Bermúdez,https://fbref.com/es/jugadores/6627ce27/Jorge-Bermudez
Frey Berrio,https://fbref.com/es/jugadores/439397c3/Frey-Berrio
Léider Berrío,https://fbref.com/es/jugadores/1987d146/Leider-Berrio
Orlando Berrío,https://fbref.com/es/jugadores/ae7bb5f5/Orlando-Berrio
Jhosuan Berríos,https://fbref.com/es/jugadores/8701b4fd/Jhosuan-Berrios
Jhonier Blanco,https://fbref.com/es/jugadores/20f2adb8/Jhonier-Blanco
Oswaldo Blanco,https://fbref.com/es/jugadores/d7661110/Oswaldo-Blanco
Ruyery Blanco,https://fbref.com/es/jugadores/ac50e456/Ruyery-Blanco
Daniel Bocanegra,https://fbref.com/es/jugadores/0422ea9f/Daniel-Bocanegra
Johan Bocanegra,https://fbref.com/es/jugadores/51d3832b/Johan-Bocanegra
Edward Bolaños,https://fbref.com/es/jugadores/6f0e5a67/Edward-Bolanos
Arley Bonilla,https://fbref.com/es/jugadores/8714e42d/Arley-Bonilla
Cristian Borja,https://fbref.com/es/jugadores/2c4f5038/Cristian-Borja
Cristian Borja,https://fbref.com/es/jugadores/9d7d5334/Cristian-Borja
Miguel Borja,https://fbref.com/es/jugadores/211dc5fd/Miguel-Borja
Rafael Borré,https://fbref.com/es/jugadores/c68da769/Rafael-Borre
Dylan Borrero,https://fbref.com/es/jugadores/a72d14de/Dylan-Borrero
Pedro Bravo,https://fbref.com/es/jugadores/860ea3c0/Pedro-Bravo
Victor Brid,https://fbref.com/es/jugadores/b578a04d/Victor-Brid
José Bueno,https://fbref.com/es/jugadores/a0c282c0/Jose-Bueno
Daniel Buitrago,https://fbref.com/es/jugadores/75c1b77e/Daniel-Buitrago
Rafael Bustamante,https://fbref.com/es/jugadores/b40d1559/Rafael-Bustamante
Jhon Cabal,https://fbref.com/es/jugadores/59c29871/Jhon-Cabal
Johan Caballero,https://fbref.com/es/jugadores/5cca082c/Johan-Caballero
Gian Cabezas,https://fbref.com/es/jugadores/bf3a0cf9/Gian-Cabezas
Óscar Cabezas,https://fbref.com/es/jugadores/1fbe2d25/Oscar-Cabezas
Víctor Cabezas,https://fbref.com/es/jugadores/9ea2208c/Victor-Cabezas
Yesus Cabrera,https://fbref.com/es/jugadores/481168c5/Yesus-Cabrera
Arled Cadavid Valencia,https://fbref.com/es/jugadores/8196dcc4/Arled-Cadavid-Valencia
Bayron Caicedo,https://fbref.com/es/jugadores/3dea8df3/Bayron-Caicedo
Cristian Caicedo,https://fbref.com/es/jugadores/9c9898ee/Cristian-Caicedo
Deiber Caicedo,https://fbref.com/es/jugadores/9bfa2f52/Deiber-Caicedo
Jhonathan Caicedo,https://fbref.com/es/jugadores/74ec9f9d/Jhonathan-Caicedo
Johan Caicedo,https://fbref.com/es/jugadores/5f634a30/Johan-Caicedo
José Caicedo,https://fbref.com/es/jugadores/4b583a34/Jose-Caicedo
Juan Caicedo,https://fbref.com/es/jugadores/a838f9e9/Juan-Caicedo
Linda Caicedo,https://fbref.com/es/jugadores/3b244ec5/Linda-Caicedo
Luis Caicedo,https://fbref.com/es/jugadores/58ea4cad/Luis-Caicedo
Rogerio Caicedo,https://fbref.com/es/jugadores/f151963c/Rogerio-Caicedo
Royer Caicedo,https://fbref.com/es/jugadores/b1077f24/Royer-Caicedo
José Caldera,https://fbref.com/es/jugadores/34fb3326/Jose-Caldera
Juan Calero,https://fbref.com/es/jugadores/9a179298/Juan-Calero
Juan Calle,https://fbref.com/es/jugadores/c3365c6c/Juan-Calle
David Camacho,https://fbref.com/es/jugadores/058872e4/David-Camacho
Edgard Camargo,https://fbref.com/es/jugadores/f5ac4d65/Edgard-Camargo
Isaac Camargo,https://fbref.com/es/jugadores/66b1d91e/Isaac-Camargo
Diber Cambindo,https://fbref.com/es/jugadores/48a6346d/Diber-Cambindo
Juan Camilo Angulo,https://fbref.com/es/jugadores/09d9f0bc/Juan-Camilo-Angulo
Juan Camilo Chaverra,https://fbref.com/es/jugadores/f3f4c2e3/Juan-Camilo-Chaverra
Juan Camilo Mesa,https://fbref.com/es/jugadores/479eaff5/Juan-Camilo-Mesa
Juan Camilo Mosquera,https://fbref.com/es/jugadores/10af93d4/Juan-Camilo-Mosquera
Juan Camilo Portilla,https://fbref.com/es/jugadores/ad49f7fb/Juan-Camilo-Portilla
Juan Camilo Roa,https://fbref.com/es/jugadores/b92c19cf/Juan-Camilo-Roa
Juan Camilo Zapata,https://fbref.com/es/jugadores/832377d2/Juan-Camilo-Zapata
Johan Campaña,https://fbref.com/es/jugadores/b116b406/Johan-Campana
Jaminton Campaz,https://fbref.com/es/jugadores/8d5ceef2/Jaminton-Campaz
Jorman Campuzano,https://fbref.com/es/jugadores/5ca52045/Jorman-Campuzano
Roger Cañas,https://fbref.com/es/jugadores/4150025f/Roger-Canas
Joel Canchimbo,https://fbref.com/es/jugadores/dbbac7a1/Joel-Canchimbo
Yerson Candelo,https://fbref.com/es/jugadores/ea35ffb9/Yerson-Candelo
Jesús Cano,https://fbref.com/es/jugadores/bfc7996a/Jesus-Cano
Manuel Cañón,https://fbref.com/es/jugadores/c89f71e2/Manuel-Canon
Cristián Cañozales,https://fbref.com/es/jugadores/ea11b08c/Cristian-Canozales
Carlos Cantillo,https://fbref.com/es/jugadores/6ba69171/Carlos-Cantillo
Fabián Cantillo,https://fbref.com/es/jugadores/0b21eb93/Fabian-Cantillo
Juan Cantillo,https://fbref.com/es/jugadores/42496587/Juan-Cantillo
Nelson Cantillo,https://fbref.com/es/jugadores/a86e634e/Nelson-Cantillo
Víctor Cantillo,https://fbref.com/es/jugadores/45075f2f/Victor-Cantillo
Brayan Carabalí,https://fbref.com/es/jugadores/a31bc204/Brayan-Carabali
Jorelyn Carabalí,https://fbref.com/es/jugadores/aec544bc/Jorelyn-Carabali
Yeison Carabali,https://fbref.com/es/jugadores/3e72ef25/Yeison-Carabali
Daniela Caracas,https://fbref.com/es/jugadores/6cb4ed06/Daniela-Caracas
Johan Carbonero,https://fbref.com/es/jugadores/9eca9710/Johan-Carbonero
Sherman Cárdenas,https://fbref.com/es/jugadores/9ff0aa5e/Sherman-Cardenas
Braison Cardona,https://fbref.com/es/jugadores/83a09853/Braison-Cardona
Edwin Cardona,https://fbref.com/es/jugadores/e82b25f5/Edwin-Cardona
Jorge Cardona,https://fbref.com/es/jugadores/be22bb53/Jorge-Cardona
Jown Cardona,https://fbref.com/es/jugadores/41e1b1f3/Jown-Cardona
Jean Carlos Blanco,https://fbref.com/es/jugadores/5021438a/Jean-Carlos-Blanco
José Carlos Muñoz,https://fbref.com/es/jugadores/28e858c3/Jose-Carlos-Munoz
Juan Carlos Pereira,https://fbref.com/es/jugadores/7b4c7966/Juan-Carlos-Pereira
Jorge Carrascal,https://fbref.com/es/jugadores/3f9f0d62/Jorge-Carrascal
Rafael Carrascal,https://fbref.com/es/jugadores/5c653950/Rafael-Carrascal
Marcelino Carreazo,https://fbref.com/es/jugadores/da4a113a/Marcelino-Carreazo
Darwin Carrero,https://fbref.com/es/jugadores/d5aec766/Darwin-Carrero
Juan Carvajal,https://fbref.com/es/jugadores/ab5939db/Juan-Carvajal
Mateo Cassierra,https://fbref.com/es/jugadores/0f714df2/Mateo-Cassierra
Frank Castañeda,https://fbref.com/es/jugadores/0a396655/Frank-Castaneda
Cesar Castaño,https://fbref.com/es/jugadores/ae630077/Cesar-Castano
Juan Castaño,https://fbref.com/es/jugadores/e6c60bab/Juan-Castano
Kevin Castaño,https://fbref.com/es/jugadores/c393c3d9/Kevin-Castano
Mauricio Castaño,https://fbref.com/es/jugadores/d90e36d6/Mauricio-Castano
Stefany Castaño,https://fbref.com/es/jugadores/f93af36c/Stefany-Castano
Juan Castilla,https://fbref.com/es/jugadores/bd538c54/Juan-Castilla
Diego Castillo,https://fbref.com/es/jugadores/9b7ad0d4/Diego-Castillo
Fabián Castillo,https://fbref.com/es/jugadores/99f5d6aa/Fabian-Castillo
Harlen Castillo,https://fbref.com/es/jugadores/d7a3b09f/Harlen-Castillo
Jair Castillo,https://fbref.com/es/jugadores/cc1b1f77/Jair-Castillo
Juan Castillo,https://fbref.com/es/jugadores/013e66bb/Juan-Castillo
Juan Castillo,https://fbref.com/es/jugadores/73f00ee2/Juan-Castillo
Mateo Castillo,https://fbref.com/es/jugadores/40c4ad77/Mateo-Castillo
Moises Castillo,https://fbref.com/es/jugadores/0057a058/Moises-Castillo
Bryan Castrillón,https://fbref.com/es/jugadores/c7d333ec/Bryan-Castrillon
Alex Castro,https://fbref.com/es/jugadores/36b1c79f/Alex-Castro
Beckham Castro,https://fbref.com/es/jugadores/d1ca3243/Beckham-Castro
Cristian Castro,https://fbref.com/es/jugadores/a3f386fc/Cristian-Castro
Joan Castro,https://fbref.com/es/jugadores/c9f62861/Joan-Castro
Leonardo Castro,https://fbref.com/es/jugadores/b53310c1/Leonardo-Castro
Leonardo Castro,https://fbref.com/es/jugadores/e756210f/Leonardo-Castro
Manuel Castro,https://fbref.com/es/jugadores/edbda1ab/Manuel-Castro
Daniel Cataño,https://fbref.com/es/jugadores/3c061eea/Daniel-Catano
José Cavadía,https://fbref.com/es/jugadores/6d8e10c7/Jose-Cavadia
Brayan Ceballos,https://fbref.com/es/jugadores/3fa61ade/Brayan-Ceballos
Guillermo Celis,https://fbref.com/es/jugadores/fae8f607/Guillermo-Celis
Damir Ceter,https://fbref.com/es/jugadores/eade5337/Damir-Ceter
Edwuin Cetré,https://fbref.com/es/jugadores/9e81aaf7/Edwuin-Cetre
Ivonne Chacón,https://fbref.com/es/jugadores/fde686b3/Ivonne-Chacon
Fabián Chalare,https://fbref.com/es/jugadores/138b8723/Fabian-Chalare
Diego Chará,https://fbref.com/es/jugadores/6260cc9d/Diego-Chara
Gustavo Chará,https://fbref.com/es/jugadores/77871516/Gustavo-Chara
Yimmi Chará,https://fbref.com/es/jugadores/9df9baab/Yimmi-Chara
Camilo Charris,https://fbref.com/es/jugadores/61927cea/Camilo-Charris
Felix Charrupí,https://fbref.com/es/jugadores/102a620f/Felix-Charrupi
Gustavo Charrupí,https://fbref.com/es/jugadores/862f88a7/Gustavo-Charrupi
Eder Chaux,https://fbref.com/es/jugadores/d38e02cf/Eder-Chaux
Francisco Chaverra Angulo,https://fbref.com/es/jugadores/3fff484d/Francisco-Chaverra-Angulo
Fabian Chaverra,https://fbref.com/es/jugadores/00d62924/Fabian-Chaverra
Leyser Chaverra,https://fbref.com/es/jugadores/5962ab0b/Leyser-Chaverra
Brandon Chury,https://fbref.com/es/jugadores/6e407ed9/Brandon-Chury
Felipe Cifuentes,https://fbref.com/es/jugadores/39e5eb04/Felipe-Cifuentes
Sebastián Colón Guerra,https://fbref.com/es/jugadores/5482df9c/Sebastian-Colon-Guerra
Andrés Colorado,https://fbref.com/es/jugadores/f3afff11/Andres-Colorado
Jean Colorado,https://fbref.com/es/jugadores/e1fe0643/Jean-Colorado
Royscer Colpa,https://fbref.com/es/jugadores/97114c5f/Royscer-Colpa
Yimmi Congo,https://fbref.com/es/jugadores/c4518184/Yimmi-Congo
Diego Contreras,https://fbref.com/es/jugadores/4d777c98/Diego-Contreras
Joel Contreras,https://fbref.com/es/jugadores/5051c723/Joel-Contreras
Deyson Copete,https://fbref.com/es/jugadores/754440fa/Deyson-Copete
Andrés Córdoba,https://fbref.com/es/jugadores/75fd2e07/Andres-Cordoba
Brayan Córdoba,https://fbref.com/es/jugadores/58a0680a/Brayan-Cordoba
Jader Cordoba,https://fbref.com/es/jugadores/d678c86f/Jader-Cordoba
Jhon Córdoba,https://fbref.com/es/jugadores/9f381d8b/Jhon-Cordoba
Jhon Córdoba,https://fbref.com/es/jugadores/fdac9284/Jhon-Cordoba
Juan Córdoba,https://fbref.com/es/jugadores/963670fd/Juan-Cordoba
Ramón Córdoba,https://fbref.com/es/jugadores/029f9d86/Ramon-Cordoba
Santiago Córdoba,https://fbref.com/es/jugadores/d8554e98/Santiago-Cordoba
Andrés Correa,https://fbref.com/es/jugadores/e72011c4/Andres-Correa
Brayan Correa,https://fbref.com/es/jugadores/e17bbde1/Brayan-Correa
Rivaldo Correa,https://fbref.com/es/jugadores/60dc2b27/Rivaldo-Correa
Carlos Cortes,https://fbref.com/es/jugadores/4dd5d3e5/Carlos-Cortes
Oscar Cortés,https://fbref.com/es/jugadores/d2c12fe0/Oscar-Cortes
Wilmar Cruz,https://fbref.com/es/jugadores/7adf2033/Wilmar-Cruz
Juan Cuadrado,https://fbref.com/es/jugadores/0ab1f153/Juan-Cuadrado
Santiago Cubides,https://fbref.com/es/jugadores/ba807576/Santiago-Cubides
Cucho,https://fbref.com/es/jugadores/71b47ab9/Cucho
Gustavo Cuellar,https://fbref.com/es/jugadores/cdd22fcf/Gustavo-Cuellar
Klieton Cuellar,https://fbref.com/es/jugadores/c31f141c/Klieton-Cuellar
Cuero Cuero,https://fbref.com/es/jugadores/132456fb/Cuero-Cuero
Jesus Cuero,https://fbref.com/es/jugadores/ef81fadc/Jesus-Cuero
Gendry Cuervo,https://fbref.com/es/jugadores/9c21e2ea/Gendry-Cuervo
Carlos Cuesta,https://fbref.com/es/jugadores/574fff8c/Carlos-Cuesta
Juan Cuesta,https://fbref.com/es/jugadores/39c83069/Juan-Cuesta
Kevin Cuesta,https://fbref.com/es/jugadores/13137b39/Kevin-Cuesta
William Cuesta,https://fbref.com/es/jugadores/359e02ea/William-Cuesta
David Cuperman,https://fbref.com/es/jugadores/d37045c0/David-Cuperman
Cristián Dajome,https://fbref.com/es/jugadores/a065e877/Cristian-Dajome
Jesús Daniel Martínez,https://fbref.com/es/jugadores/77c25432/Jesus-Daniel-Martinez
Juan David Cabal,https://fbref.com/es/jugadores/ef6eef89/Juan-David-Cabal
Juan David Castañeda,https://fbref.com/es/jugadores/cddf5142/Juan-David-Castaneda
Juan David Cuesta,https://fbref.com/es/jugadores/915e4322/Juan-David-Cuesta
José David Lloreda,https://fbref.com/es/jugadores/e86a19c1/Jose-David-Lloreda
Álvaro David Montero,https://fbref.com/es/jugadores/2e3dbaa5/Alvaro-David-Montero
Juan David Mosquera,https://fbref.com/es/jugadores/bb18b3b6/Juan-David-Mosquera
Jesús David Murillo,https://fbref.com/es/jugadores/68d48a71/Jesus-David-Murillo
Juan David Pérez,https://fbref.com/es/jugadores/17991890/Juan-David-Perez
Juan David Ríos,https://fbref.com/es/jugadores/5cad3c91/Juan-David-Rios
Juan David Rodríguez,https://fbref.com/es/jugadores/29b45b86/Juan-David-Rodriguez
Juan David Valencia,https://fbref.com/es/jugadores/7147dad6/Juan-David-Valencia
William Dávila,https://fbref.com/es/jugadores/a6c877f8/William-Davila
Carlos De Las Salas,https://fbref.com/es/jugadores/7d4bdf0f/Carlos-De-Las-Salas
Isabel Dehakiz,https://fbref.com/es/jugadores/4e6c4374/Isabel-Dehakiz
Ayron del Valle,https://fbref.com/es/jugadores/0cedda69/Ayron-del-Valle
Didier Delgado,https://fbref.com/es/jugadores/5dbfaa24/Didier-Delgado
Nelson Deossa,https://fbref.com/es/jugadores/0ec1841b/Nelson-Deossa
Juan Deusa,https://fbref.com/es/jugadores/f15a3ceb/Juan-Deusa
Juan Díaz,https://fbref.com/es/jugadores/698958f4/Juan-Diaz
Jaime Díaz,https://fbref.com/es/jugadores/f84cf786/Jaime-Diaz
Jefferson Díaz,https://fbref.com/es/jugadores/ec27d954/Jefferson-Diaz
Jesus Diaz,https://fbref.com/es/jugadores/1137e64a/Jesus-Diaz
Jesús Díaz,https://fbref.com/es/jugadores/1388fafd/Jesus-Diaz
Juan Díaz,https://fbref.com/es/jugadores/36839110/Juan-Diaz
Juan Díaz,https://fbref.com/es/jugadores/5b1fd84b/Juan-Diaz
Kleber Díaz,https://fbref.com/es/jugadores/6de2c9dd/Kleber-Diaz
Luis Díaz,https://fbref.com/es/jugadores/4a1a9578/Luis-Diaz
Wilmer Díaz,https://fbref.com/es/jugadores/edbf289a/Wilmer-Diaz
Yesid Díaz,https://fbref.com/es/jugadores/8df202f1/Yesid-Diaz
Yilton Díaz,https://fbref.com/es/jugadores/d2c3e6ac/Yilton-Diaz
Willer Ditta,https://fbref.com/es/jugadores/95c2f969/Willer-Ditta
Aurelio Domínguez,https://fbref.com/es/jugadores/8f354861/Aurelio-Dominguez
Bayron Duarte,https://fbref.com/es/jugadores/c82190b5/Bayron-Duarte
Jáder Durán,https://fbref.com/es/jugadores/414184f7/Jader-Duran
Andrés Dussan,https://fbref.com/es/jugadores/1bfae0cd/Andres-Dussan
Edwin Duván Rodríguez,https://fbref.com/es/jugadores/73c4d9dd/Edwin-Duvan-Rodriguez
John Edison García,https://fbref.com/es/jugadores/651f1da9/John-Edison-Garcia
John Edwin Montaño,https://fbref.com/es/jugadores/f74159d0/John-Edwin-Montano
Juergen Elitim,https://fbref.com/es/jugadores/554cf0f0/Juergen-Elitim
José Enamorado,https://fbref.com/es/jugadores/5a1ce0cb/Jose-Enamorado
Jorge Enrique Arias,https://fbref.com/es/jugadores/cc3b4444/Jorge-Enrique-Arias
Luis Enrique Ortíz,https://fbref.com/es/jugadores/433cbb27/Luis-Enrique-Ortiz
Daniel Enrique Padilla,https://fbref.com/es/jugadores/1450f0e3/Daniel-Enrique-Padilla
Luis Enrique Quiñones,https://fbref.com/es/jugadores/39c52d54/Luis-Enrique-Quinones
Carlos Enrique Renteria,https://fbref.com/es/jugadores/c5dc1be3/Carlos-Enrique-Renteria
José Erick Correa,https://fbref.com/es/jugadores/be405c86/Jose-Erick-Correa
Luis Erney Vasquez,https://fbref.com/es/jugadores/c62260ab/Luis-Erney-Vasquez
Léiner Escalante,https://fbref.com/es/jugadores/3269ca1a/Leiner-Escalante
Jhojan Escobar,https://fbref.com/es/jugadores/ab9b2e29/Jhojan-Escobar
Josen Escobar,https://fbref.com/es/jugadores/5768f04a/Josen-Escobar
Leonardo Escorcia,https://fbref.com/es/jugadores/15c551e8/Leonardo-Escorcia
Luis Escorcia,https://fbref.com/es/jugadores/08667826/Luis-Escorcia
Freddy Espinal,https://fbref.com/es/jugadores/ab43fc7d/Freddy-Espinal
Marco Espíndola,https://fbref.com/es/jugadores/965988c2/Marco-Espindola
Bernardo Espinosa,https://fbref.com/es/jugadores/4242011c/Bernardo-Espinosa
Juan Espitia,https://fbref.com/es/jugadores/b4a17e14/Juan-Espitia
Adrián Estacio,https://fbref.com/es/jugadores/0677b1d9/Adrian-Estacio
Johan Esteban Beltrán,https://fbref.com/es/jugadores/de144a9b/Johan-Esteban-Beltran
Andrey Estupiñán,https://fbref.com/es/jugadores/53e46b86/Andrey-Estupinan
Oscar Estupiñan,https://fbref.com/es/jugadores/213ab9bb/Oscar-Estupinan
Frank Fabra,https://fbref.com/es/jugadores/feccb595/Frank-Fabra
Radamel Falcao,https://fbref.com/es/jugadores/66116290/Radamel-Falcao
Juan Farías,https://fbref.com/es/jugadores/5eac9d41/Juan-Farias
Juan Felipe Aguirre,https://fbref.com/es/jugadores/72898527/Juan-Felipe-Aguirre
Andrés Felipe Amaya,https://fbref.com/es/jugadores/2f29cfe8/Andres-Felipe-Amaya
Andrés Felipe Román,https://fbref.com/es/jugadores/8986fdd8/Andres-Felipe-Roman
Cristian Fernándes,https://fbref.com/es/jugadores/37c90338/Cristian-Fernandes
Brayan Fernández,https://fbref.com/es/jugadores/4b111056/Brayan-Fernandez
Omar Fernández Frasica,https://fbref.com/es/jugadores/548d8753/Omar-Fernandez-Frasica
David Fernando Lemos,https://fbref.com/es/jugadores/09af36f3/David-Fernando-Lemos
Juan Ferney Otero,https://fbref.com/es/jugadores/05816e19/Juan-Ferney-Otero
Andrés Ferrín,https://fbref.com/es/jugadores/ae827953/Andres-Ferrin
Jesús Figueroa,https://fbref.com/es/jugadores/85718be8/Jesus-Figueroa
Jhon Figueroa,https://fbref.com/es/jugadores/4f6a4d48/Jhon-Figueroa
Freddy Flórez,https://fbref.com/es/jugadores/d455f9d5/Freddy-Florez
Kelvin Flórez,https://fbref.com/es/jugadores/b86c59bc/Kelvin-Florez
Juan Forero,https://fbref.com/es/jugadores/9799ad2e/Juan-Forero
Diego Fori,https://fbref.com/es/jugadores/616519ee/Diego-Fori
Jimer Fory,https://fbref.com/es/jugadores/faf827ca/Jimer-Fory
Luis Fragozo,https://fbref.com/es/jugadores/1c3f8b0e/Luis-Fragozo
Juan Franco,https://fbref.com/es/jugadores/0ec402ca/Juan-Franco
Pedro Franco,https://fbref.com/es/jugadores/78bf31cf/Pedro-Franco
Jean Franco Sarmiento,https://fbref.com/es/jugadores/312b5f91/Jean-Franco-Sarmiento
John Freddy Pérez,https://fbref.com/es/jugadores/0d1105ff/John-Freddy-Perez
John Fredy Salazar,https://fbref.com/es/jugadores/457e8ce5/John-Fredy-Salazar
Matteo Frigerio,https://fbref.com/es/jugadores/3846f644/Matteo-Frigerio
Gabriel Fuentes,https://fbref.com/es/jugadores/bb23a0e7/Gabriel-Fuentes
Juanda Fuentes,https://fbref.com/es/jugadores/b8e1cf4a/Juanda-Fuentes
Ana Gabriela Huertas,https://fbref.com/es/jugadores/5538fd79/Ana-Gabriela-Huertas
Jean Galindo,https://fbref.com/es/jugadores/4ac47e7d/Jean-Galindo
Juan Gallego,https://fbref.com/es/jugadores/4c9ea9de/Juan-Gallego
Jhon Gamboa,https://fbref.com/es/jugadores/b1612ec3/Jhon-Gamboa
Mateo Garavito,https://fbref.com/es/jugadores/90b823cd/Mateo-Garavito
Bayron Garces,https://fbref.com/es/jugadores/03c94eec/Bayron-Garces
Carlos Garcés,https://fbref.com/es/jugadores/d8eb21b7/Carlos-Garces
Yojan Garcés,https://fbref.com/es/jugadores/164b4bae/Yojan-Garces
Alejandro García,https://fbref.com/es/jugadores/a0f0e472/Alejandro-Garcia
Antony García,https://fbref.com/es/jugadores/e4305119/Antony-Garcia
Jordan García,https://fbref.com/es/jugadores/bd6ba56c/Jordan-Garcia
José García,https://fbref.com/es/jugadores/ea36e829/Jose-Garcia
Juan García,https://fbref.com/es/jugadores/b1a673e2/Juan-Garcia
Marlon García,https://fbref.com/es/jugadores/e36a6f20/Marlon-Garcia
Mateo García,https://fbref.com/es/jugadores/492f7668/Mateo-Garcia
Mender García,https://fbref.com/es/jugadores/2375dd75/Mender-Garcia
Simon Garcia,https://fbref.com/es/jugadores/b027ebdd/Simon-Garcia
Faber Gil,https://fbref.com/es/jugadores/ea868537/Faber-Gil
Nicolás Gil,https://fbref.com/es/jugadores/48d7077c/Nicolas-Gil
Daniel Giraldo,https://fbref.com/es/jugadores/ed8489d1/Daniel-Giraldo
Esteban Giraldo,https://fbref.com/es/jugadores/0e1cb1ea/Esteban-Giraldo
Jaime Giraldo,https://fbref.com/es/jugadores/50bf4076/Jaime-Giraldo
Juan Giraldo,https://fbref.com/es/jugadores/22b6aa0e/Juan-Giraldo
Nicolás Giraldo,https://fbref.com/es/jugadores/32484ad4/Nicolas-Giraldo
Yeiler Goez,https://fbref.com/es/jugadores/53b8853a/Yeiler-Goez
Breidy Golú,https://fbref.com/es/jugadores/7a79e3dc/Breidy-Golu
Yeimar Gómez Andrade,https://fbref.com/es/jugadores/e43c8d72/Yeimar-Gomez-Andrade
Carlos Gómez,https://fbref.com/es/jugadores/76a82373/Carlos-Gomez
Guillermo Gómez,https://fbref.com/es/jugadores/1596e74f/Guillermo-Gomez
Jhon Gomez,https://fbref.com/es/jugadores/35ac36b2/Jhon-Gomez
Luis Gómez,https://fbref.com/es/jugadores/e41c025a/Luis-Gomez
Michael Gómez,https://fbref.com/es/jugadores/dde92e3a/Michael-Gomez
Mauricio Gómez Sánchez,https://fbref.com/es/jugadores/4527095e/Mauricio-Gomez-Sanchez
Santiago Gómez,https://fbref.com/es/jugadores/e1b38c72/Santiago-Gomez
Sebastián Gómez,https://fbref.com/es/jugadores/233de573/Sebastian-Gomez
Yimy Gómez,https://fbref.com/es/jugadores/4a3541d5/Yimy-Gomez
Yulián Gómez,https://fbref.com/es/jugadores/f6c48b15/Yulian-Gomez
Jasond González,https://fbref.com/es/jugadores/bf2ac20f/Jasond-Gonzalez
Jersson González,https://fbref.com/es/jugadores/681989c2/Jersson-Gonzalez
Juan González,https://fbref.com/es/jugadores/13f73eda/Juan-Gonzalez
Fabián González Lasso,https://fbref.com/es/jugadores/5fb70d9a/Fabian-Gonzalez-Lasso
Yony González,https://fbref.com/es/jugadores/c6c88c7d/Yony-Gonzalez
Yeison Gordillo,https://fbref.com/es/jugadores/8f2ed127/Yeison-Gordillo
Cristian Graciano,https://fbref.com/es/jugadores/42e1a556/Cristian-Graciano
Jefferson Granado,https://fbref.com/es/jugadores/b1eedfb3/Jefferson-Granado
Pier Graziani,https://fbref.com/es/jugadores/7ef5d8a8/Pier-Graziani
Edgar Guerra,https://fbref.com/es/jugadores/c2a977d6/Edgar-Guerra
Sebastian Guerra,https://fbref.com/es/jugadores/e42fc6d8/Sebastian-Guerra
David Guerrero,https://fbref.com/es/jugadores/ae2e9552/David-Guerrero
Exneyder Guerrero,https://fbref.com/es/jugadores/6d6b74a7/Exneyder-Guerrero
Jhomier Guerrero,https://fbref.com/es/jugadores/9c520755/Jhomier-Guerrero
Juan Guevara,https://fbref.com/es/jugadores/869b895e/Juan-Guevara
Julián Guevara,https://fbref.com/es/jugadores/a00da954/Julian-Guevara
Aldair Gutiérrez,https://fbref.com/es/jugadores/05200fe1/Aldair-Gutierrez
Alejandro Gutiérrez,https://fbref.com/es/jugadores/64d96d39/Alejandro-Gutierrez
Sebastián Gutiérrez,https://fbref.com/es/jugadores/e45832eb/Sebastian-Gutierrez
Teófilo Gutiérrez,https://fbref.com/es/jugadores/165afe13/Teofilo-Gutierrez
Thomas Gutiérrez,https://fbref.com/es/jugadores/b3c07e26/Thomas-Gutierrez
Ana María Guzmán,https://fbref.com/es/jugadores/8d5a8340/Ana-Maria-Guzman
Sebastián Guzmán,https://fbref.com/es/jugadores/352ccb4b/Sebastian-Guzman
Yeison Guzmán,https://fbref.com/es/jugadores/31e0d112/Yeison-Guzman
Cesar Haydar,https://fbref.com/es/jugadores/bc115c92/Cesar-Haydar
Carlos Henao,https://fbref.com/es/jugadores/bf3758d2/Carlos-Henao
Jhon Henry Sánchez,https://fbref.com/es/jugadores/f20bff1b/Jhon-Henry-Sanchez
Diego Herazo,https://fbref.com/es/jugadores/c78eb31f/Diego-Herazo
Aldayr Hernández,https://fbref.com/es/jugadores/0e89355f/Aldayr-Hernandez
Diego Hernández,https://fbref.com/es/jugadores/b80b6c60/Diego-Hernandez
Jhoan Hernández,https://fbref.com/es/jugadores/6697cafb/Jhoan-Hernandez
Junior Hernández,https://fbref.com/es/jugadores/49231a0d/Junior-Hernandez
Nicolás Hernández,https://fbref.com/es/jugadores/86046c18/Nicolas-Hernandez
Vladimir Hernández,https://fbref.com/es/jugadores/c9a41f9c/Vladimir-Hernandez
Sebastian Herrera Cardona,https://fbref.com/es/jugadores/4675fb02/Sebastian-Herrera-Cardona
Edwin Herrera,https://fbref.com/es/jugadores/3c00b4c7/Edwin-Herrera
Jonathan Herrera,https://fbref.com/es/jugadores/fe914ab5/Jonathan-Herrera
Juan Herrera,https://fbref.com/es/jugadores/43b8d7e4/Juan-Herrera
Cristian Higuita,https://fbref.com/es/jugadores/0f31b38b/Cristian-Higuita
César Hinestroza,https://fbref.com/es/jugadores/bf84e929/Cesar-Hinestroza
Fredy Hinestroza,https://fbref.com/es/jugadores/ac330d8c/Fredy-Hinestroza
Johan Hinestroza,https://fbref.com/es/jugadores/b99fd6c8/Johan-Hinestroza
Marino Hinestroza,https://fbref.com/es/jugadores/f397ba12/Marino-Hinestroza
Roberto Hinojosa,https://fbref.com/es/jugadores/4a203a6d/Roberto-Hinojosa
Juan Holguín,https://fbref.com/es/jugadores/25e20762/Juan-Holguin
Avilés Hurtado,https://fbref.com/es/jugadores/4641e9a2/Aviles-Hurtado
Haiderson Hurtado,https://fbref.com/es/jugadores/3a73a386/Haiderson-Hurtado
William Hurtado,https://fbref.com/es/jugadores/91115004/William-Hurtado
Yhormar Hurtado,https://fbref.com/es/jugadores/43af66fe/Yhormar-Hurtado
Jhon Ibargüen,https://fbref.com/es/jugadores/a85cfd4e/Jhon-Ibarguen
Sandra Ibargüen,https://fbref.com/es/jugadores/b3614c56/Sandra-Ibarguen
Yehider Ibargüen,https://fbref.com/es/jugadores/7e9dd2b7/Yehider-Ibarguen
Jorge Iván Soto,https://fbref.com/es/jugadores/4b3208f0/Jorge-Ivan-Soto
Ilana Izquierdo,https://fbref.com/es/jugadores/41163049/Ilana-Izquierdo
Felipe Jaramillo,https://fbref.com/es/jugadores/0023571b/Felipe-Jaramillo
Luis Javier Suárez,https://fbref.com/es/jugadores/eeba07f8/Luis-Javier-Suarez
Juan Jiménez,https://fbref.com/es/jugadores/8681d9ed/Juan-Jimenez
Junior Jiménez,https://fbref.com/es/jugadores/65d1576b/Junior-Jimenez
Santiago Jiménez,https://fbref.com/es/jugadores/637be30b/Santiago-Jimenez
Jhonny Jordán,https://fbref.com/es/jugadores/8325187d/Jhonny-Jordan
Wilmar Jordán,https://fbref.com/es/jugadores/40ce7b3c/Wilmar-Jordan
Pablo José Rojas,https://fbref.com/es/jugadores/a312f6cd/Pablo-Jose-Rojas
Juan José Sánchez,https://fbref.com/es/jugadores/1835f053/Juan-Jose-Sanchez
Carlos José Sierra,https://fbref.com/es/jugadores/d2133232/Carlos-Jose-Sierra
Juancho,https://fbref.com/es/jugadores/ec81ad5b/Juancho
Nicolás Lara,https://fbref.com/es/jugadores/fcb3c7c9/Nicolas-Lara
Jhon Largacha,https://fbref.com/es/jugadores/001b4019/Jhon-Largacha
Jhildrey Lasso,https://fbref.com/es/jugadores/d5a70688/Jhildrey-Lasso
Manuel Lasso,https://fbref.com/es/jugadores/c5604e31/Manuel-Lasso
Brayan Léon,https://fbref.com/es/jugadores/9d68842d/Brayan-Leon
Jefferson Lerma,https://fbref.com/es/jugadores/9b5ce51a/Jefferson-Lerma
Jhon Lerma,https://fbref.com/es/jugadores/9e3f8c40/Jhon-Lerma
Alexandro Licona,https://fbref.com/es/jugadores/21f41dc2/Alexandro-Licona
Mafe Linares,https://fbref.com/es/jugadores/2b123aba/Mafe-Linares
Johan Lizarralde,https://fbref.com/es/jugadores/7a93d24e/Johan-Lizarralde
Rodrigo Llano,https://fbref.com/es/jugadores/ef081b1c/Rodrigo-Llano
Andrés Llinás,https://fbref.com/es/jugadores/ce3041e5/Andres-Llinas
Raúl Loaiza,https://fbref.com/es/jugadores/94ec1c0a/Raul-Loaiza
Daniel Londoño,https://fbref.com/es/jugadores/c69fe270/Daniel-Londono
Emanuel Londoño,https://fbref.com/es/jugadores/5a0a81f0/Emanuel-Londono
Flabián Londoño,https://fbref.com/es/jugadores/c3d3449c/Flabian-Londono
Kevin Londoño,https://fbref.com/es/jugadores/124bf0cc/Kevin-Londono
Kevin Londoño,https://fbref.com/es/jugadores/cfc0c4ad/Kevin-Londono
Santiago Londoño,https://fbref.com/es/jugadores/f7703759/Santiago-Londono
Yeiner Londoño,https://fbref.com/es/jugadores/51c8bdfd/Yeiner-Londono
Andrés López,https://fbref.com/es/jugadores/7ab52d2b/Andres-Lopez
Carlos López,https://fbref.com/es/jugadores/2fe89894/Carlos-Lopez
Darwin López,https://fbref.com/es/jugadores/74446a18/Darwin-Lopez
Edison López,https://fbref.com/es/jugadores/05a4c22b/Edison-Lopez
Edwar López,https://fbref.com/es/jugadores/70e49e09/Edwar-Lopez
Johan Lopez,https://fbref.com/es/jugadores/6d5b7358/Johan-Lopez
Kevin Lopez,https://fbref.com/es/jugadores/2a8c97de/Kevin-Lopez
Santiago López,https://fbref.com/es/jugadores/39cf1d2d/Santiago-Lopez
Dylan Lozano,https://fbref.com/es/jugadores/9301991e/Dylan-Lozano
Frank Lozano,https://fbref.com/es/jugadores/8695162f/Frank-Lozano
Jean Lucas Rivera,https://fbref.com/es/jugadores/c139743a/Jean-Lucas-Rivera
Brayan Lucumi,https://fbref.com/es/jugadores/985b47d4/Brayan-Lucumi
Carlos Lucumi,https://fbref.com/es/jugadores/530f6972/Carlos-Lucumi
Jan Lucumí González,https://fbref.com/es/jugadores/60df0676/Jan-Lucumi-Gonzalez
Jeison Lucumí,https://fbref.com/es/jugadores/8abefbcf/Jeison-Lucumi
Jhon Lucumí,https://fbref.com/es/jugadores/80490d7f/Jhon-Lucumi
Juan Lucumí,https://fbref.com/es/jugadores/15b2a92a/Juan-Lucumi
José Luis Chunga,https://fbref.com/es/jugadores/c2f03d53/Jose-Luis-Chunga
Jorge Luis Ramos,https://fbref.com/es/jugadores/604b56c6/Jorge-Luis-Ramos
José Luis Sinisterra,https://fbref.com/es/jugadores/41bddc56/Jose-Luis-Sinisterra
Daniel Luna,https://fbref.com/es/jugadores/410b16e3/Daniel-Luna
David Macalister Silva,https://fbref.com/es/jugadores/e7f69a30/David-Macalister-Silva
Deiver Machado,https://fbref.com/es/jugadores/b3f8bdef/Deiver-Machado
Christian Mafla,https://fbref.com/es/jugadores/f379bc1e/Christian-Mafla
Jerson Malagón,https://fbref.com/es/jugadores/d2415f74/Jerson-Malagon
Camilo Mancilla,https://fbref.com/es/jugadores/5842f260/Camilo-Mancilla
Harrinson Mancilla,https://fbref.com/es/jugadores/e12ad8f7/Harrinson-Mancilla
Rubén Manjarrés,https://fbref.com/es/jugadores/e0da723c/Ruben-Manjarres
Mauro Manotas,https://fbref.com/es/jugadores/89a5efd3/Mauro-Manotas
Daniel Mantilla,https://fbref.com/es/jugadores/007be212/Daniel-Mantilla
Kevin Mantilla,https://fbref.com/es/jugadores/3c9d192d/Kevin-Mantilla
Juan Manuel Valencia,https://fbref.com/es/jugadores/7f50c23b/Juan-Manuel-Valencia
Alexis Manyoma,https://fbref.com/es/jugadores/6e159787/Alexis-Manyoma
Juan Marcelin,https://fbref.com/es/jugadores/24ec1b5a/Juan-Marcelin
Luis Marimón,https://fbref.com/es/jugadores/1684fe95/Luis-Marimon
Carlos Mario Arboleda,https://fbref.com/es/jugadores/75656d73/Carlos-Mario-Arboleda
Ricardo Márquez,https://fbref.com/es/jugadores/b8381493/Ricardo-Marquez
Luis Marquines,https://fbref.com/es/jugadores/9db32a90/Luis-Marquines
Geiner Martínez,https://fbref.com/es/jugadores/0c0b1959/Geiner-Martinez
Homer Martínez,https://fbref.com/es/jugadores/6b627de8/Homer-Martinez
Jefferson Martinez,https://fbref.com/es/jugadores/6129132f/Jefferson-Martinez
Jhon Martínez,https://fbref.com/es/jugadores/4d2b35b5/Jhon-Martinez
Misael Martínez,https://fbref.com/es/jugadores/d60d4c64/Misael-Martinez
Roger Martínez,https://fbref.com/es/jugadores/6f0d613a/Roger-Martinez
Santiago Martínez,https://fbref.com/es/jugadores/f91f58ac/Santiago-Martinez
Yaliston Martínez,https://fbref.com/es/jugadores/e566f0c0/Yaliston-Martinez
Miguel Marulanda,https://fbref.com/es/jugadores/8c424d50/Miguel-Marulanda
Samir Mayo,https://fbref.com/es/jugadores/c8110448/Samir-Mayo
Jonatan Mayorga,https://fbref.com/es/jugadores/a8299513/Jonatan-Mayorga
Jáder Maza,https://fbref.com/es/jugadores/0c7d1a19/Jader-Maza
Brayan Medina,https://fbref.com/es/jugadores/6e15c550/Brayan-Medina
Jeison Medina,https://fbref.com/es/jugadores/f94eb3da/Jeison-Medina
Kevin Medina,https://fbref.com/es/jugadores/89c63f8c/Kevin-Medina
Maicol Medina,https://fbref.com/es/jugadores/21ec0db7/Maicol-Medina
Stefan Medina,https://fbref.com/es/jugadores/a7104778/Stefan-Medina
Jhostín Medranda,https://fbref.com/es/jugadores/1e3b5e4f/Jhostin-Medranda
Jimmy Medranda,https://fbref.com/es/jugadores/6f7ac622/Jimmy-Medranda
Edgar Medrano,https://fbref.com/es/jugadores/3a1a3a31/Edgar-Medrano
Brayan Mejía,https://fbref.com/es/jugadores/0db9b945/Brayan-Mejia
Ivan Mejia,https://fbref.com/es/jugadores/a3b3ad0c/Ivan-Mejia
Johar Mejia,https://fbref.com/es/jugadores/ed841685/Johar-Mejia
Robert Mejía,https://fbref.com/es/jugadores/6a3c222c/Robert-Mejia
Víctor Mejía,https://fbref.com/es/jugadores/7dfd29f5/Victor-Mejia
Álvaro Meléndez,https://fbref.com/es/jugadores/e9646d62/Alvaro-Melendez
John Meléndez,https://fbref.com/es/jugadores/cb566222/John-Melendez
Camilo Mena,https://fbref.com/es/jugadores/3867cd0f/Camilo-Mena
Esneyder Mena,https://fbref.com/es/jugadores/b0818269/Esneyder-Mena
Howell Mena,https://fbref.com/es/jugadores/663690a1/Howell-Mena
Javier Mena,https://fbref.com/es/jugadores/16f61115/Javier-Mena
Javier Mena,https://fbref.com/es/jugadores/9cadd116/Javier-Mena
Jefferson Mena,https://fbref.com/es/jugadores/fd931198/Jefferson-Mena
Jhon Mena,https://fbref.com/es/jugadores/1706f2cd/Jhon-Mena
Yair Mena Palacios,https://fbref.com/es/jugadores/ab34351e/Yair-Mena-Palacios
Yorleys Mena,https://fbref.com/es/jugadores/531f091c/Yorleys-Mena
Jorman Mendoza,https://fbref.com/es/jugadores/4796a494/Jorman-Mendoza
Diego Mendoza,https://fbref.com/es/jugadores/21831538/Diego-Mendoza
Stiven Mendoza,https://fbref.com/es/jugadores/e68f2cb4/Stiven-Mendoza
Daniel Mera,https://fbref.com/es/jugadores/c180d967/Daniel-Mera
Juan Mera,https://fbref.com/es/jugadores/dc9565b7/Juan-Mera
Santiago Mera,https://fbref.com/es/jugadores/6959a3a1/Santiago-Mera
José Mercado,https://fbref.com/es/jugadores/b70042be/Jose-Mercado
Ever Meza,https://fbref.com/es/jugadores/f4e2e9a2/Ever-Meza
Francisco Meza,https://fbref.com/es/jugadores/05540190/Francisco-Meza
Joider Micolta,https://fbref.com/es/jugadores/ea471391/Joider-Micolta
Kevin Mier,https://fbref.com/es/jugadores/8a5c4850/Kevin-Mier
Julián Millán,https://fbref.com/es/jugadores/a92e9820/Julian-Millan
David Mina,https://fbref.com/es/jugadores/fe460951/David-Mina
Jaison Mina,https://fbref.com/es/jugadores/ee42e509/Jaison-Mina
Luis Mina,https://fbref.com/es/jugadores/3b5411f5/Luis-Mina
Luis Mina,https://fbref.com/es/jugadores/ee04583b/Luis-Mina
Yerry Mina,https://fbref.com/es/jugadores/6d5701f2/Yerry-Mina
Victor Minota,https://fbref.com/es/jugadores/86581d01/Victor-Minota
Yirleidys Minota,https://fbref.com/es/jugadores/9b2de88c/Yirleidys-Minota
Luis Miranda,https://fbref.com/es/jugadores/bfb7e69b/Luis-Miranda
Anderson Mojica,https://fbref.com/es/jugadores/1f80ef16/Anderson-Mojica
Johan Mojica,https://fbref.com/es/jugadores/608f2092/Johan-Mojica
Jairo Molina,https://fbref.com/es/jugadores/2b5f2087/Jairo-Molina
Tomas Molina,https://fbref.com/es/jugadores/3c9d4458/Tomas-Molina
Jonathan Monsalve,https://fbref.com/es/jugadores/a5d6fbbf/Jonathan-Monsalve
Miguel Monsalve,https://fbref.com/es/jugadores/a2f7f47c/Miguel-Monsalve
Álvaro Montaño,https://fbref.com/es/jugadores/520d9ebb/Alvaro-Montano
Brayan Montaño,https://fbref.com/es/jugadores/c76c3c23/Brayan-Montano
Cristian Montaño,https://fbref.com/es/jugadores/c7be313e/Cristian-Montano
Jhon Montaño,https://fbref.com/es/jugadores/2809cc5f/Jhon-Montano
Geovan Montes,https://fbref.com/es/jugadores/5ecd1e26/Geovan-Montes
Daniela Montoya,https://fbref.com/es/jugadores/a7bbf943/Daniela-Montoya
Jhoan Montoya,https://fbref.com/es/jugadores/c5a34997/Jhoan-Montoya
Ángel Mora,https://fbref.com/es/jugadores/ecbb6b2b/Angel-Mora
Jaime Mora,https://fbref.com/es/jugadores/0c75f638/Jaime-Mora
Ramiro Morales,https://fbref.com/es/jugadores/6fa15d17/Ramiro-Morales
Alejandro Moralez,https://fbref.com/es/jugadores/a0dabe24/Alejandro-Moralez
Leyder Moran,https://fbref.com/es/jugadores/47474d61/Leyder-Moran
Wilson Morelo,https://fbref.com/es/jugadores/30a66b02/Wilson-Morelo
Alfredo Morelos,https://fbref.com/es/jugadores/ef88f778/Alfredo-Morelos
Alex Moreno,https://fbref.com/es/jugadores/bbc6ed5c/Alex-Moreno
Danilo Moreno Asprilla,https://fbref.com/es/jugadores/33c21071/Danilo-Moreno-Asprilla
Brayan Moreno,https://fbref.com/es/jugadores/ad3f6c56/Brayan-Moreno
Brayan Moreno,https://fbref.com/es/jugadores/ebbab4bb/Brayan-Moreno
Daniel Moreno,https://fbref.com/es/jugadores/56f7fcf6/Daniel-Moreno
Dayro Moreno,https://fbref.com/es/jugadores/cfaf9525/Dayro-Moreno
Didier Moreno,https://fbref.com/es/jugadores/71849534/Didier-Moreno
Diego Moreno,https://fbref.com/es/jugadores/5aee3078/Diego-Moreno
Eber Moreno,https://fbref.com/es/jugadores/30141962/Eber-Moreno
Ederson Moreno,https://fbref.com/es/jugadores/61e21869/Ederson-Moreno
Jaider Moreno,https://fbref.com/es/jugadores/8446d5fa/Jaider-Moreno
Juan Moreno,https://fbref.com/es/jugadores/a2e07050/Juan-Moreno
Juan Moreno,https://fbref.com/es/jugadores/c480aee3/Juan-Moreno
Kevin Moreno,https://fbref.com/es/jugadores/9c577f31/Kevin-Moreno
Kliver Moreno,https://fbref.com/es/jugadores/f9eafea9/Kliver-Moreno
Marlos Moreno,https://fbref.com/es/jugadores/8499c713/Marlos-Moreno
Yeison Moreno Murillo,https://fbref.com/es/jugadores/37baed03/Yeison-Moreno-Murillo
Neyder Moreno,https://fbref.com/es/jugadores/7fdcf661/Neyder-Moreno
Santiago Moreno,https://fbref.com/es/jugadores/3261d0e4/Santiago-Moreno
Sebastian Moreno,https://fbref.com/es/jugadores/7df1d4ff/Sebastian-Moreno
Víctor Moreno,https://fbref.com/es/jugadores/8a1ce21b/Victor-Moreno
Yeferson Moreno,https://fbref.com/es/jugadores/2f0dcbb7/Yeferson-Moreno
Cristián Mosquera,https://fbref.com/es/jugadores/2c422832/Cristian-Mosquera
Dairon Mosquera,https://fbref.com/es/jugadores/33b8aafe/Dairon-Mosquera
Daniel Mosquera,https://fbref.com/es/jugadores/091b9eb8/Daniel-Mosquera
Duván Mosquera,https://fbref.com/es/jugadores/a01f3c7b/Duvan-Mosquera
Edwin Mosquera,https://fbref.com/es/jugadores/15cda5f6/Edwin-Mosquera
Elvis Mosquera,https://fbref.com/es/jugadores/d95cd1eb/Elvis-Mosquera
Fabián Mosquera,https://fbref.com/es/jugadores/ce9f7066/Fabian-Mosquera
Felipe Mosquera,https://fbref.com/es/jugadores/ff480f8a/Felipe-Mosquera
Franklin Mosquera,https://fbref.com/es/jugadores/55b0aa01/Franklin-Mosquera
Andrés Mosquera Guardia,https://fbref.com/es/jugadores/9cacb8e1/Andres-Mosquera-Guardia
Henry Mosquera,https://fbref.com/es/jugadores/be206004/Henry-Mosquera
Jherson Mosquera,https://fbref.com/es/jugadores/5da52e88/Jherson-Mosquera
Jhon Mosquera,https://fbref.com/es/jugadores/736157b7/Jhon-Mosquera
Jhonatan Mosquera,https://fbref.com/es/jugadores/4fa2e528/Jhonatan-Mosquera
Juan Mosquera,https://fbref.com/es/jugadores/e21931d8/Juan-Mosquera
Andrés Mosquera Marmolejo,https://fbref.com/es/jugadores/45de7679/Andres-Mosquera-Marmolejo
Santiago Mosquera,https://fbref.com/es/jugadores/01eb50ee/Santiago-Mosquera
Sebastián Mosquera,https://fbref.com/es/jugadores/41d46d40/Sebastian-Mosquera
Sergio Mosquera,https://fbref.com/es/jugadores/95902737/Sergio-Mosquera
Yan Mosquera,https://fbref.com/es/jugadores/2b1af1e9/Yan-Mosquera
Yéiler Mosquera,https://fbref.com/es/jugadores/49d1b030/Yeiler-Mosquera
Yeimar Mosquera,https://fbref.com/es/jugadores/7f13c388/Yeimar-Mosquera
Yerson Mosquera,https://fbref.com/es/jugadores/1e159d70/Yerson-Mosquera
Yilson Mosquera,https://fbref.com/es/jugadores/520f5981/Yilson-Mosquera
José Moya,https://fbref.com/es/jugadores/57cbdb1d/Jose-Moya
José Mulato,https://fbref.com/es/jugadores/f2b170ae/Jose-Mulato
Daniel Muñoz,https://fbref.com/es/jugadores/778ef829/Daniel-Munoz
Jesús Muñoz,https://fbref.com/es/jugadores/cc850aa0/Jesus-Munoz
Juan Muriel,https://fbref.com/es/jugadores/cca0d673/Juan-Muriel
Luis Muriel,https://fbref.com/es/jugadores/eb2fe5b6/Luis-Muriel
Andrés Murillo,https://fbref.com/es/jugadores/9d185a7f/Andres-Murillo
Brayan Murillo,https://fbref.com/es/jugadores/4396dc9c/Brayan-Murillo
David Murillo,https://fbref.com/es/jugadores/410f8bdc/David-Murillo
Ewil Murillo,https://fbref.com/es/jugadores/65f57d87/Ewil-Murillo
Jefferson Murillo,https://fbref.com/es/jugadores/4f0cf249/Jefferson-Murillo
Jeison Murillo,https://fbref.com/es/jugadores/b233e8e4/Jeison-Murillo
Jorge Murillo,https://fbref.com/es/jugadores/8849cb12/Jorge-Murillo
Roger Murillo,https://fbref.com/es/jugadores/9f447d98/Roger-Murillo
Yaison Murillo,https://fbref.com/es/jugadores/80620663/Yaison-Murillo
Yonatan Murillo,https://fbref.com/es/jugadores/f03b08d5/Yonatan-Murillo
Juanjo Narváez,https://fbref.com/es/jugadores/485e4939/Juanjo-Narvaez
Efraín Navarro,https://fbref.com/es/jugadores/6acc0b39/Efrain-Navarro
Franklin Navarro,https://fbref.com/es/jugadores/6b7baf49/Franklin-Navarro
Sander Navarro,https://fbref.com/es/jugadores/e5cf6aeb/Sander-Navarro
Sebastián Navarro,https://fbref.com/es/jugadores/4e2c6749/Sebastian-Navarro
Jhon Navia,https://fbref.com/es/jugadores/8fefde24/Jhon-Navia
Franco Neira,https://fbref.com/es/jugadores/807cdab4/Franco-Neira
Juan Nieto,https://fbref.com/es/jugadores/fe504667/Juan-Nieto
Juan Nieva,https://fbref.com/es/jugadores/14384294/Juan-Nieva
Santiago Noreña,https://fbref.com/es/jugadores/970b7db1/Santiago-Norena
Diego Novoa,https://fbref.com/es/jugadores/ebaa3683/Diego-Novoa
Jorge Obregón,https://fbref.com/es/jugadores/8017a694/Jorge-Obregon
Jáder Obrian,https://fbref.com/es/jugadores/1471b2a8/Jader-Obrian
Édier Ocampo,https://fbref.com/es/jugadores/a2484ef5/Edier-Ocampo
Deiby Ochoa,https://fbref.com/es/jugadores/cec550a2/Deiby-Ochoa
Deiro Ochoa,https://fbref.com/es/jugadores/124e0430/Deiro-Ochoa
Auli Oliveros,https://fbref.com/es/jugadores/4d54c92e/Auli-Oliveros
Carlos Ordóñez,https://fbref.com/es/jugadores/39383556/Carlos-Ordonez
Janer Ordóñez,https://fbref.com/es/jugadores/d0833e8d/Janer-Ordonez
Willian Ordóñez,https://fbref.com/es/jugadores/f1cca481/Willian-Ordonez
Eder Orjuela,https://fbref.com/es/jugadores/5394f040/Eder-Orjuela
Luis Orlando Hurtado,https://fbref.com/es/jugadores/17335d85/Luis-Orlando-Hurtado
Santiago Orozco,https://fbref.com/es/jugadores/6eeab3b2/Santiago-Orozco
Michael Ortega,https://fbref.com/es/jugadores/e5d46564/Michael-Ortega
Dilan Ortíz,https://fbref.com/es/jugadores/5d7e1e31/Dilan-Ortiz
Dilan Ortiz,https://fbref.com/es/jugadores/db354046/Dilan-Ortiz
José Ortiz,https://fbref.com/es/jugadores/7e0815bc/Jose-Ortiz
Pablo Ortiz,https://fbref.com/es/jugadores/daf2b2ad/Pablo-Ortiz
Humberto Osorio,https://fbref.com/es/jugadores/72ada906/Humberto-Osorio
Kelvin Osorio,https://fbref.com/es/jugadores/1247ace9/Kelvin-Osorio
David Ospina,https://fbref.com/es/jugadores/82b1198a/David-Ospina
Juan Ospina,https://fbref.com/es/jugadores/3724b8c1/Juan-Ospina
Néider Ospina,https://fbref.com/es/jugadores/75647efa/Neider-Ospina
Juan Ostos,https://fbref.com/es/jugadores/88e9da40/Juan-Ostos
Sergio Otálvaro,https://fbref.com/es/jugadores/0d0113e7/Sergio-Otalvaro
Juan Pablo Zuluaga,https://fbref.com/es/jugadores/12d9e631/Juan-Pablo-Zuluaga
Dorlan Pabón,https://fbref.com/es/jugadores/4eb45683/Dorlan-Pabon
Ronaldo Pabón,https://fbref.com/es/jugadores/4f612f54/Ronaldo-Pabon
Walmer Pacheco,https://fbref.com/es/jugadores/69e016b7/Walmer-Pacheco
Kevin Padilla,https://fbref.com/es/jugadores/e7139043/Kevin-Padilla
Carlos Pájaro,https://fbref.com/es/jugadores/d73e5fdf/Carlos-Pajaro
Miguel Pajaro,https://fbref.com/es/jugadores/ee2b4146/Miguel-Pajaro
Ronaldo Pájaro,https://fbref.com/es/jugadores/4ac2b0a5/Ronaldo-Pajaro
Jhon Pajoy,https://fbref.com/es/jugadores/2e46b7e3/Jhon-Pajoy
Duban Palacio,https://fbref.com/es/jugadores/c89626ce/Duban-Palacio
Julián Palacio,https://fbref.com/es/jugadores/89864ec6/Julian-Palacio
Nelson Palacio,https://fbref.com/es/jugadores/a80d92fe/Nelson-Palacio
Aly Palacios,https://fbref.com/es/jugadores/62823f22/Aly-Palacios
Brahian Palacios,https://fbref.com/es/jugadores/61a05353/Brahian-Palacios
Didier Palacios,https://fbref.com/es/jugadores/29da4a50/Didier-Palacios
Hayen Palacios,https://fbref.com/es/jugadores/9e880595/Hayen-Palacios
Helibelton Palacios,https://fbref.com/es/jugadores/ac8b2421/Helibelton-Palacios
Jeison Palacios,https://fbref.com/es/jugadores/44014034/Jeison-Palacios
Jhon Palacios,https://fbref.com/es/jugadores/562e420a/Jhon-Palacios
Junior Palacios,https://fbref.com/es/jugadores/b6666f09/Junior-Palacios
Kevin Palacios,https://fbref.com/es/jugadores/1974fc49/Kevin-Palacios
Luis Palacios,https://fbref.com/es/jugadores/1680bb3c/Luis-Palacios
Málcom Palacios,https://fbref.com/es/jugadores/29977988/Malcom-Palacios
Manuel Palacios,https://fbref.com/es/jugadores/a8106e71/Manuel-Palacios
William Palacios,https://fbref.com/es/jugadores/f1fe4c6c/William-Palacios
Darwin Palomeque,https://fbref.com/es/jugadores/dced84c7/Darwin-Palomeque
Felipe Pardo,https://fbref.com/es/jugadores/5f956fcf/Felipe-Pardo
Luis Paredes,https://fbref.com/es/jugadores/3454a744/Luis-Paredes
Adrián Parra,https://fbref.com/es/jugadores/080b1041/Adrian-Parra
Joan Parra,https://fbref.com/es/jugadores/64b12717/Joan-Parra
Johan Parra,https://fbref.com/es/jugadores/95a2b962/Johan-Parra
Kevin Parra,https://fbref.com/es/jugadores/d536f608/Kevin-Parra
William Parra Sinisterra,https://fbref.com/es/jugadores/dbc0ffd4/William-Parra-Sinisterra
Camilo Paternina,https://fbref.com/es/jugadores/b06de6d9/Camilo-Paternina
Juan Patiño,https://fbref.com/es/jugadores/2b6a34b1/Juan-Patino
Manuela Paví,https://fbref.com/es/jugadores/54528208/Manuela-Pavi
Luis Payares,https://fbref.com/es/jugadores/398a18ed/Luis-Payares
Martín Payares,https://fbref.com/es/jugadores/685fbdf3/Martin-Payares
Breiner Paz,https://fbref.com/es/jugadores/c8389a4c/Breiner-Paz
Yeferson Paz,https://fbref.com/es/jugadores/b1d7dba8/Yeferson-Paz
Juan Pedroza,https://fbref.com/es/jugadores/8c417cae/Juan-Pedroza
Anuar Peláez,https://fbref.com/es/jugadores/8c417e64/Anuar-Pelaez
Gianfranco Peña,https://fbref.com/es/jugadores/02827eca/Gianfranco-Pena
Jermein Peña,https://fbref.com/es/jugadores/73a221b1/Jermein-Pena
Jessica Peña,https://fbref.com/es/jugadores/30bc42ff/Jessica-Pena
José Luis Moreno Peña,https://fbref.com/es/jugadores/50583102/Jose-Luis-Moreno-Pena
Jaime Peralta,https://fbref.com/es/jugadores/d6fa0612/Jaime-Peralta
Brayan Perea,https://fbref.com/es/jugadores/a499b56d/Brayan-Perea
Carlos Andrés Mosquera Perea,https://fbref.com/es/jugadores/9ccf9bc9/Carlos-Andres-Mosquera-Perea
Diego Perea,https://fbref.com/es/jugadores/10ddeb04/Diego-Perea
Geisson Perea,https://fbref.com/es/jugadores/a9235301/Geisson-Perea
Juan Perea,https://fbref.com/es/jugadores/6075ce03/Juan-Perea
Juan Perea,https://fbref.com/es/jugadores/ff3d391c/Juan-Perea
Óscar Perea,https://fbref.com/es/jugadores/57bc72ea/Oscar-Perea
Alexis Pérez,https://fbref.com/es/jugadores/14c35d1a/Alexis-Perez
Andrés Pérez,https://fbref.com/es/jugadores/15794f0e/Andres-Perez
Sebastián Pérez Cardona,https://fbref.com/es/jugadores/42a833ab/Sebastian-Perez-Cardona
Carlos Pérez,https://fbref.com/es/jugadores/6bd07ecb/Carlos-Perez
Juan Pérez,https://fbref.com/es/jugadores/ff94c3e2/Juan-Perez
Kevin Pérez,https://fbref.com/es/jugadores/4398f594/Kevin-Perez
Luis Pérez,https://fbref.com/es/jugadores/dd02f975/Luis-Perez
Marco Pérez,https://fbref.com/es/jugadores/2264e79b/Marco-Perez
Rafa Pérez,https://fbref.com/es/jugadores/be83af89/Rafa-Perez
Sebastian Pérez,https://fbref.com/es/jugadores/81967fe3/Sebastian-Perez
Baldomero Perlaza,https://fbref.com/es/jugadores/f7f77b05/Baldomero-Perlaza
Elvis Perlaza,https://fbref.com/es/jugadores/6c647ddd/Elvis-Perlaza
Yeicar Perlaza,https://fbref.com/es/jugadores/a0d09bc0/Yeicar-Perlaza
Jean Pestaña,https://fbref.com/es/jugadores/be8a645b/Jean-Pestana
Leonardo Pico,https://fbref.com/es/jugadores/a022d43b/Leonardo-Pico
Alejandro Piedrahita,https://fbref.com/es/jugadores/d07dab60/Alejandro-Piedrahita
Jacobo Pimentel,https://fbref.com/es/jugadores/625abc5a/Jacobo-Pimentel
Jaen Pineda,https://fbref.com/es/jugadores/e667f114/Jaen-Pineda
Didier Pino,https://fbref.com/es/jugadores/e5f3537c/Didier-Pino
Jhoan Pinto,https://fbref.com/es/jugadores/69e32e61/Jhoan-Pinto
Anderson Plata,https://fbref.com/es/jugadores/3e20e946/Anderson-Plata
Daniel Polanco,https://fbref.com/es/jugadores/47d1e0dd/Daniel-Polanco
Carlos Preciado,https://fbref.com/es/jugadores/5815a1e6/Carlos-Preciado
Gustavo Puerta,https://fbref.com/es/jugadores/2c08cab0/Gustavo-Puerta
Mateo Puerta,https://fbref.com/es/jugadores/a7be6c95/Mateo-Puerta
Kevin Quejada,https://fbref.com/es/jugadores/fb65fbe1/Kevin-Quejada
Juan Quiceno,https://fbref.com/es/jugadores/afbe7d75/Juan-Quiceno
Daniel Quiñones,https://fbref.com/es/jugadores/a5708270/Daniel-Quinones
Elicer Quiñones,https://fbref.com/es/jugadores/19ac49bd/Elicer-Quinones
Jader Quiñónes,https://fbref.com/es/jugadores/7665ca53/Jader-Quinones
Jeisson Quiñones,https://fbref.com/es/jugadores/1b3d2510/Jeisson-Quinones
Jhon Quiñónes,https://fbref.com/es/jugadores/02ee4c85/Jhon-Quinones
José Quiñones,https://fbref.com/es/jugadores/32356724/Jose-Quinones
Yuber Quiñones,https://fbref.com/es/jugadores/f4ce2c37/Yuber-Quinones
Dannovi Quiñonez,https://fbref.com/es/jugadores/af4e4379/Dannovi-Quinonez
Deiner Quiñónez,https://fbref.com/es/jugadores/011b2621/Deiner-Quinonez
Ederson Quiñónez,https://fbref.com/es/jugadores/68310812/Ederson-Quinonez
Yosimar Quiñónez,https://fbref.com/es/jugadores/1cefb6a6/Yosimar-Quinonez
Aldair Quintana,https://fbref.com/es/jugadores/0c855cba/Aldair-Quintana
Juan Quintana,https://fbref.com/es/jugadores/94bf9441/Juan-Quintana
Darwin Quintero,https://fbref.com/es/jugadores/0cc00553/Darwin-Quintero
David Quintero,https://fbref.com/es/jugadores/0cf7ab69/David-Quintero
Jarlín Quintero,https://fbref.com/es/jugadores/1b2b9cc1/Jarlin-Quintero
Juan Quintero,https://fbref.com/es/jugadores/540d0b37/Juan-Quintero
Juan Quintero,https://fbref.com/es/jugadores/afbfddfa/Juan-Quintero
Yani Quintero,https://fbref.com/es/jugadores/a23ce55f/Yani-Quintero
Alex Rambal,https://fbref.com/es/jugadores/22884bf4/Alex-Rambal
David Ramírez,https://fbref.com/es/jugadores/2536c97d/David-Ramirez
Delio Ramírez,https://fbref.com/es/jugadores/811e2e8e/Delio-Ramirez
Juan Ramírez,https://fbref.com/es/jugadores/8475cbe2/Juan-Ramirez
Mario Ramírez,https://fbref.com/es/jugadores/5caf97e0/Mario-Ramirez
Mayra Ramírez,https://fbref.com/es/jugadores/61478cfd/Mayra-Ramirez
Nilzo Ramirez,https://fbref.com/es/jugadores/ba4de9db/Nilzo-Ramirez
Edwin Ramos,https://fbref.com/es/jugadores/a8f32dc4/Edwin-Ramos
Jhon Ramos,https://fbref.com/es/jugadores/a985cc77/Jhon-Ramos
Mónica Ramos,https://fbref.com/es/jugadores/0c46ef06/Monica-Ramos
Michael Rangel,https://fbref.com/es/jugadores/be8fc30a/Michael-Rangel
Harold Reina,https://fbref.com/es/jugadores/f14768e7/Harold-Reina
Javier Reina,https://fbref.com/es/jugadores/d9190bbf/Javier-Reina
Kevin Rendón,https://fbref.com/es/jugadores/59bdb22b/Kevin-Rendon
Nicolas Rengifo,https://fbref.com/es/jugadores/54cea58c/Nicolas-Rengifo
Andrés Rentería,https://fbref.com/es/jugadores/d076c70c/Andres-Renteria
Dixon Rentería,https://fbref.com/es/jugadores/a2e327d1/Dixon-Renteria
Luis Renteria,https://fbref.com/es/jugadores/a070e362/Luis-Renteria
Edisson Restrepo,https://fbref.com/es/jugadores/8f848aa4/Edisson-Restrepo
Eyder Restrepo,https://fbref.com/es/jugadores/c746f192/Eyder-Restrepo
Kelly Restrepo,https://fbref.com/es/jugadores/99d7ca2b/Kelly-Restrepo
Marcela Restrepo,https://fbref.com/es/jugadores/a2e95272/Marcela-Restrepo
Juan Rey,https://fbref.com/es/jugadores/51935346/Juan-Rey
Andrés Reyes,https://fbref.com/es/jugadores/36ab14f5/Andres-Reyes
Victor Reyes,https://fbref.com/es/jugadores/feaa919c/Victor-Reyes
Brayan Riascos,https://fbref.com/es/jugadores/e60d17c2/Brayan-Riascos
Jhojan Riascos,https://fbref.com/es/jugadores/ac436673/Jhojan-Riascos
Kevin Riascos,https://fbref.com/es/jugadores/37b46c42/Kevin-Riascos
Léider Riascos,https://fbref.com/es/jugadores/bf19153a/Leider-Riascos
José Ricardo Cortés,https://fbref.com/es/jugadores/c7528589/Jose-Ricardo-Cortes
Elan Ricardo,https://fbref.com/es/jugadores/e848e971/Elan-Ricardo
Andrés Ricaurte,https://fbref.com/es/jugadores/4db5b8cb/Andres-Ricaurte
Nicolas Rincon,https://fbref.com/es/jugadores/dbc1ce65/Nicolas-Rincon
Yoreli Rincón,https://fbref.com/es/jugadores/4992a935/Yoreli-Rincon
Joyce Rios,https://fbref.com/es/jugadores/b0aff02d/Joyce-Rios
Richard Ríos,https://fbref.com/es/jugadores/72da065d/Richard-Rios
Jáider Riquett,https://fbref.com/es/jugadores/41cddd16/Jaider-Riquett
Rodrigo Rivas Gonzalez,https://fbref.com/es/jugadores/f5277538/Rodrigo-Rivas-Gonzalez
Iván Rivas,https://fbref.com/es/jugadores/6f45d594/Ivan-Rivas
Jesús Rivas,https://fbref.com/es/jugadores/d33ae8b9/Jesus-Rivas
Luis Rivas,https://fbref.com/es/jugadores/6c49ca2e/Luis-Rivas
Luis Rivas,https://fbref.com/es/jugadores/a17aa07d/Luis-Rivas
Christian Rivera,https://fbref.com/es/jugadores/7c094b1a/Christian-Rivera
Daniel Rivera,https://fbref.com/es/jugadores/c5443ac8/Daniel-Rivera
Harold Rivera,https://fbref.com/es/jugadores/1b2d5570/Harold-Rivera
Elkin Rivero,https://fbref.com/es/jugadores/9c18e72f/Elkin-Rivero
Andrés Roa,https://fbref.com/es/jugadores/7dcb8cb2/Andres-Roa
Santiago Roa,https://fbref.com/es/jugadores/da89dfcd/Santiago-Roa
Leider Robledo,https://fbref.com/es/jugadores/956b2952/Leider-Robledo
Hugo Rodallega,https://fbref.com/es/jugadores/9683d0b2/Hugo-Rodallega
Yeferson Rodallega,https://fbref.com/es/jugadores/9ae70269/Yeferson-Rodallega
Mateo Rodas,https://fbref.com/es/jugadores/e0edb46c/Mateo-Rodas
Ronny Rodríguez,https://fbref.com/es/jugadores/9043dc26/Ronny-Rodriguez
Alejandro Rodríguez,https://fbref.com/es/jugadores/a09cb100/Alejandro-Rodriguez
Angelo Rodríguez,https://fbref.com/es/jugadores/0e9ea6cf/Angelo-Rodriguez
Arley Rodríguez,https://fbref.com/es/jugadores/c4e26bcb/Arley-Rodriguez
Emerson Rodríguez,https://fbref.com/es/jugadores/09e5ae16/Emerson-Rodriguez
James Rodríguez,https://fbref.com/es/jugadores/715bf047/James-Rodriguez
Joao Rodríguez,https://fbref.com/es/jugadores/84b7c924/Joao-Rodriguez
Luis Rodríguez,https://fbref.com/es/jugadores/082ba04b/Luis-Rodriguez
Nicolás Rodríguez,https://fbref.com/es/jugadores/718c76da/Nicolas-Rodriguez
Sebastian Rodríguez,https://fbref.com/es/jugadores/256ec872/Sebastian-Rodriguez
Steven Rodríguez,https://fbref.com/es/jugadores/3ddf8cb9/Steven-Rodriguez
Alexei Rojas,https://fbref.com/es/jugadores/eb189764/Alexei-Rojas
Iván Rojas,https://fbref.com/es/jugadores/08b1c6d9/Ivan-Rojas
Johan Rojas,https://fbref.com/es/jugadores/f338069c/Johan-Rojas
Sergio Roman Palacios,https://fbref.com/es/jugadores/7b46cd50/Sergio-Roman-Palacios
Carlos Romaña,https://fbref.com/es/jugadores/be49c8e1/Carlos-Romana
Jhohan Romaña,https://fbref.com/es/jugadores/4e32c2d6/Jhohan-Romana
Roameth Romaña,https://fbref.com/es/jugadores/1e73a595/Roameth-Romana
Farid Romero,https://fbref.com/es/jugadores/c19799ab/Farid-Romero
Joel Romero,https://fbref.com/es/jugadores/b62b61f8/Joel-Romero
Ricardo Rosales,https://fbref.com/es/jugadores/e7435d8b/Ricardo-Rosales
Yilson Rosales,https://fbref.com/es/jugadores/43cc220a/Yilson-Rosales
Daniel Rosero,https://fbref.com/es/jugadores/1c886b0e/Daniel-Rosero
Kevin Rosero,https://fbref.com/es/jugadores/fbb5101d/Kevin-Rosero
Brayan Rovira,https://fbref.com/es/jugadores/6cf6f67f/Brayan-Rovira
Daniel Rovira,https://fbref.com/es/jugadores/10d35fa6/Daniel-Rovira
Diego Ruíz,https://fbref.com/es/jugadores/cf6c938a/Diego-Ruiz
Leonardo Ruíz,https://fbref.com/es/jugadores/5ed6bf7a/Leonardo-Ruiz
Daniel Ruiz Rivera,https://fbref.com/es/jugadores/65766650/Daniel-Ruiz-Rivera
Jhoiner Salas,https://fbref.com/es/jugadores/ea1e43c6/Jhoiner-Salas
Andrés Salazar,https://fbref.com/es/jugadores/a243a2a6/Andres-Salazar
Andrés Salazar,https://fbref.com/es/jugadores/e637e7c6/Andres-Salazar
Juan Salazar,https://fbref.com/es/jugadores/6f3dd1b0/Juan-Salazar
Kevin Salazar,https://fbref.com/es/jugadores/d97d42fa/Kevin-Salazar
Liana Salazar,https://fbref.com/es/jugadores/ee203078/Liana-Salazar
Luis Salazar,https://fbref.com/es/jugadores/ce80c9de/Luis-Salazar
Sebastian Salazar,https://fbref.com/es/jugadores/8548109c/Sebastian-Salazar
Tomas Salazar,https://fbref.com/es/jugadores/96a34f48/Tomas-Salazar
Leonardo Saldaña,https://fbref.com/es/jugadores/7f2adda5/Leonardo-Saldana
Brayan Sánchez,https://fbref.com/es/jugadores/8186dd34/Brayan-Sanchez
Davinson Sánchez,https://fbref.com/es/jugadores/da7b447d/Davinson-Sanchez
Diego Sánchez,https://fbref.com/es/jugadores/08ae1073/Diego-Sanchez
Huberth Sánchez,https://fbref.com/es/jugadores/afcca759/Huberth-Sanchez
Luis Sánchez,https://fbref.com/es/jugadores/eedac811/Luis-Sanchez
Keimer Sandoval,https://fbref.com/es/jugadores/e85d97ff/Keimer-Sandoval
Luis Sandoval,https://fbref.com/es/jugadores/f35f3f91/Luis-Sandoval
Harold Santiago Mosquera,https://fbref.com/es/jugadores/bca135e8/Harold-Santiago-Mosquera
Leicy Santos,https://fbref.com/es/jugadores/36e74d61/Leicy-Santos
Carlos Sarabia,https://fbref.com/es/jugadores/7f0ec66c/Carlos-Sarabia
Andrés Sarmiento,https://fbref.com/es/jugadores/751faa38/Andres-Sarmiento
Jannenson Sarmiento,https://fbref.com/es/jugadores/683af390/Jannenson-Sarmiento
Iván Scarpeta,https://fbref.com/es/jugadores/d745dce7/Ivan-Scarpeta
Juan Sebastián Herrera,https://fbref.com/es/jugadores/e443cde3/Juan-Sebastian-Herrera
Eddie Segura,https://fbref.com/es/jugadores/c70e3fe0/Eddie-Segura
Jorge Segura,https://fbref.com/es/jugadores/8e8f978b/Jorge-Segura
Sandra Sepúlveda,https://fbref.com/es/jugadores/95910eb3/Sandra-Sepulveda
Enrique Serje,https://fbref.com/es/jugadores/3d0ce7ad/Enrique-Serje
Alexis Serna,https://fbref.com/es/jugadores/ab7ba08f/Alexis-Serna
Kevin Serna,https://fbref.com/es/jugadores/f3cc4a6e/Kevin-Serna
Juan Sierra,https://fbref.com/es/jugadores/9c9dc751/Juan-Sierra
Marlon Sierra,https://fbref.com/es/jugadores/041f862d/Marlon-Sierra
Juan Silgado,https://fbref.com/es/jugadores/656c8765/Juan-Silgado
Aldair Simanca,https://fbref.com/es/jugadores/0e15594c/Aldair-Simanca
Alfonso Simarra,https://fbref.com/es/jugadores/5f871699/Alfonso-Simarra
Jean Sinisterra,https://fbref.com/es/jugadores/2775f0d4/Jean-Sinisterra
Luis Sinisterra,https://fbref.com/es/jugadores/8e16dd48/Luis-Sinisterra
Jhon Solis,https://fbref.com/es/jugadores/1282939a/Jhon-Solis
Almir Soto,https://fbref.com/es/jugadores/5c44f448/Almir-Soto
Herlbert Soto,https://fbref.com/es/jugadores/758a7b9e/Herlbert-Soto
Tomás Soto,https://fbref.com/es/jugadores/3f740aa4/Tomas-Soto
Jeison Suarez,https://fbref.com/es/jugadores/03a04d29/Jeison-Suarez
Kalazán Suárez,https://fbref.com/es/jugadores/53db898d/Kalazan-Suarez
Nelson Suárez,https://fbref.com/es/jugadores/02533935/Nelson-Suarez
Sebastián Támara,https://fbref.com/es/jugadores/78fe36ce/Sebastian-Tamara
Kevin Tamayo,https://fbref.com/es/jugadores/be7bbd53/Kevin-Tamayo
Devan Tanton,https://fbref.com/es/jugadores/3c256bb1/Devan-Tanton
Katherine Tapia,https://fbref.com/es/jugadores/38e3f2cf/Katherine-Tapia
Stiven Tapiero,https://fbref.com/es/jugadores/18cad0fa/Stiven-Tapiero
Ronaldo Tavera,https://fbref.com/es/jugadores/ed0e8d29/Ronaldo-Tavera
Guillermo Tegue,https://fbref.com/es/jugadores/2ff0b40b/Guillermo-Tegue
Andrés Tello,https://fbref.com/es/jugadores/5f951ef1/Andres-Tello
Juan Tello,https://fbref.com/es/jugadores/98206852/Juan-Tello
Carlos Terán,https://fbref.com/es/jugadores/324509e2/Carlos-Teran
William Tesillo,https://fbref.com/es/jugadores/6c4f744d/William-Tesillo
Tommy Tobar,https://fbref.com/es/jugadores/8fc13cd2/Tommy-Tobar
Yeison Tolosa,https://fbref.com/es/jugadores/144a9189/Yeison-Tolosa
Fainer Torijano,https://fbref.com/es/jugadores/748f0c75/Fainer-Torijano
Amaury Torralvo,https://fbref.com/es/jugadores/67339b5d/Amaury-Torralvo
Ángel Torres,https://fbref.com/es/jugadores/310a9b1d/Angel-Torres
Carlos Torres,https://fbref.com/es/jugadores/d5262a5b/Carlos-Torres
Daniel Torres,https://fbref.com/es/jugadores/87882adc/Daniel-Torres
Edwin Torres,https://fbref.com/es/jugadores/96d199ca/Edwin-Torres
Gustavo Torres,https://fbref.com/es/jugadores/e0d2c82a/Gustavo-Torres
Jhan Torres,https://fbref.com/es/jugadores/ff39ec15/Jhan-Torres
Johan Torres,https://fbref.com/es/jugadores/aa431f87/Johan-Torres
Juan Torres,https://fbref.com/es/jugadores/262b47fb/Juan-Torres
Juan Torres,https://fbref.com/es/jugadores/c99007ef/Juan-Torres
Karla Torres,https://fbref.com/es/jugadores/fe5f9ec2/Karla-Torres
Marlon Torres,https://fbref.com/es/jugadores/3a3f66c4/Marlon-Torres
Marlon Torres,https://fbref.com/es/jugadores/d177f718/Marlon-Torres
Róger Torres,https://fbref.com/es/jugadores/6248bd60/Roger-Torres
Kilian Toscano,https://fbref.com/es/jugadores/2dc26eeb/Kilian-Toscano
Andrés Tovar,https://fbref.com/es/jugadores/c722fe0f/Andres-Tovar
Carlos Tovar,https://fbref.com/es/jugadores/6788a24d/Carlos-Tovar
Cristian Tovar,https://fbref.com/es/jugadores/1d3ba8a5/Cristian-Tovar
Julián Tovar,https://fbref.com/es/jugadores/cdad8a1d/Julian-Tovar
Santiago Tréllez,https://fbref.com/es/jugadores/2446ac6b/Santiago-Trellez
Camilo Triana,https://fbref.com/es/jugadores/89dd3276/Camilo-Triana
Cristian Trujillo,https://fbref.com/es/jugadores/94af91aa/Cristian-Trujillo
Jefrey Trujillo,https://fbref.com/es/jugadores/fca7c1af/Jefrey-Trujillo
Duván Urango,https://fbref.com/es/jugadores/2ef98fdc/Duvan-Urango
Cristian Uribe,https://fbref.com/es/jugadores/83811662/Cristian-Uribe
Mateus Uribe,https://fbref.com/es/jugadores/b997c3de/Mateus-Uribe
Neymar Uribe,https://fbref.com/es/jugadores/b52bfc94/Neymar-Uribe
Héctor Urrego,https://fbref.com/es/jugadores/be40d974/Hector-Urrego
Bryan Urueña,https://fbref.com/es/jugadores/bc87d0a0/Bryan-Uruena
Catalina Usme,https://fbref.com/es/jugadores/b1ea041a/Catalina-Usme
Adrián Valencia,https://fbref.com/es/jugadores/48a179ed/Adrian-Valencia
Cristian Valencia,https://fbref.com/es/jugadores/4d8fef83/Cristian-Valencia
Dairon Valencia,https://fbref.com/es/jugadores/e7d7f45a/Dairon-Valencia
Ever Valencia,https://fbref.com/es/jugadores/31f3c281/Ever-Valencia
Jader Valencia,https://fbref.com/es/jugadores/e7037a4f/Jader-Valencia
Jhan Valencia,https://fbref.com/es/jugadores/321ceee9/Jhan-Valencia
Jhojan Valencia,https://fbref.com/es/jugadores/3fbe573e/Jhojan-Valencia
Kener Valencia,https://fbref.com/es/jugadores/b5fc3578/Kener-Valencia
Ronald Valencia,https://fbref.com/es/jugadores/e19a02e7/Ronald-Valencia
Stiven Valencia,https://fbref.com/es/jugadores/37ff9a99/Stiven-Valencia
Yeiler Valencia,https://fbref.com/es/jugadores/2f9a3027/Yeiler-Valencia
Yoshan Valois,https://fbref.com/es/jugadores/f2c97754/Yoshan-Valois
Diego Valoyes,https://fbref.com/es/jugadores/79e75919/Diego-Valoyes
Jimmy Valoyes,https://fbref.com/es/jugadores/91ec8fd7/Jimmy-Valoyes
Manuela Vanegas,https://fbref.com/es/jugadores/7bc9579b/Manuela-Vanegas
Oscar Vanegas,https://fbref.com/es/jugadores/36c7457a/Oscar-Vanegas
Ray Vanegas,https://fbref.com/es/jugadores/aecff6f2/Ray-Vanegas
Andrés Vargas,https://fbref.com/es/jugadores/ba29287e/Andres-Vargas
Camilo Vargas,https://fbref.com/es/jugadores/004e3d0f/Camilo-Vargas
Camilo Vargas,https://fbref.com/es/jugadores/954a7d51/Camilo-Vargas
Christian Vargas,https://fbref.com/es/jugadores/fd952627/Christian-Vargas
Kerwin Vargas,https://fbref.com/es/jugadores/758de7b4/Kerwin-Vargas
Anthony Vásquez,https://fbref.com/es/jugadores/fb32f91e/Anthony-Vasquez
Devis Vásquez,https://fbref.com/es/jugadores/fac1f795/Devis-Vasquez
Jhon Vasquez,https://fbref.com/es/jugadores/b6832e5e/Jhon-Vasquez
Juan Vásquez,https://fbref.com/es/jugadores/f205b7b9/Juan-Vasquez
Omar Vásquez,https://fbref.com/es/jugadores/b9a0ee18/Omar-Vasquez
Oscar Vega,https://fbref.com/es/jugadores/7d340d03/Oscar-Vega
Stiven Vega,https://fbref.com/es/jugadores/cbed8f9e/Stiven-Vega
Ivan Velandia Hoyos,https://fbref.com/es/jugadores/35b18244/Ivan-Velandia-Hoyos
Edwin Velasco,https://fbref.com/es/jugadores/5adb19ad/Edwin-Velasco
Kevin Velasco,https://fbref.com/es/jugadores/77991675/Kevin-Velasco
Jhon Velásquez,https://fbref.com/es/jugadores/a28e5005/Jhon-Velasquez
Samuel Velásquez,https://fbref.com/es/jugadores/14a8c907/Samuel-Velasquez
Sebastián Velásquez,https://fbref.com/es/jugadores/3477901e/Sebastian-Velasquez
Yílmar Velásquez,https://fbref.com/es/jugadores/7fedbb9c/Yilmar-Velasquez
Jhon Vélez,https://fbref.com/es/jugadores/c40fd3bb/Jhon-Velez
Isaac Venecia,https://fbref.com/es/jugadores/5b9e4dc8/Isaac-Venecia
Edwin Venté,https://fbref.com/es/jugadores/408b59ae/Edwin-Vente
Brayan Vera,https://fbref.com/es/jugadores/80c718dd/Brayan-Vera
Cristian Vergara,https://fbref.com/es/jugadores/0deb24a5/Cristian-Vergara
Duván Vergara,https://fbref.com/es/jugadores/7faaf973/Duvan-Vergara
Fabián Viáfara,https://fbref.com/es/jugadores/c54a80ba/Fabian-Viafara
Dewar Victoria,https://fbref.com/es/jugadores/9bae8633/Dewar-Victoria
Ingrid Vidal,https://fbref.com/es/jugadores/4212b240/Ingrid-Vidal
Matías Villa,https://fbref.com/es/jugadores/98a4ee7b/Matias-Villa
Sebastián Villa,https://fbref.com/es/jugadores/df454699/Sebastian-Villa
Elian Villalobos,https://fbref.com/es/jugadores/0747e704/Elian-Villalobos
Alejandro Villareal,https://fbref.com/es/jugadores/4e40d555/Alejandro-Villareal
Sergio Villareal,https://fbref.com/es/jugadores/8c81112f/Sergio-Villareal
Néiser Villarreal,https://fbref.com/es/jugadores/9200fab7/Neiser-Villarreal
Charly Villegas,https://fbref.com/es/jugadores/e64efff6/Charly-Villegas
Paul Villero,https://fbref.com/es/jugadores/ffce4626/Paul-Villero
Jhonier Viveros,https://fbref.com/es/jugadores/01653a29/Jhonier-Viveros
Kevin Viveros,https://fbref.com/es/jugadores/f40b94ba/Kevin-Viveros
Sebastián Viveros,https://fbref.com/es/jugadores/7dc863c0/Sebastian-Viveros
Johan Wallens,https://fbref.com/es/jugadores/13be0fd2/Johan-Wallens
Sebastián Yabur,https://fbref.com/es/jugadores/7d4fb645/Sebastian-Yabur
Angie Yantén,https://fbref.com/es/jugadores/63b5dd66/Angie-Yanten
Ignacio Yepez,https://fbref.com/es/jugadores/8867819a/Ignacio-Yepez
Carlos Zambrano,https://fbref.com/es/jugadores/23ddd638/Carlos-Zambrano
Alexis Zapata,https://fbref.com/es/jugadores/ae8f76c6/Alexis-Zapata
Cristián Zapata,https://fbref.com/es/jugadores/b1deecf8/Cristian-Zapata
Daniel Zapata,https://fbref.com/es/jugadores/dc98a279/Daniel-Zapata
Duván Zapata,https://fbref.com/es/jugadores/d3de9af0/Duvan-Zapata
Eduardo Zapata,https://fbref.com/es/jugadores/a3ecaa06/Eduardo-Zapata
Jefry Zapata,https://fbref.com/es/jugadores/f08505db/Jefry-Zapata
Juan Zapata,https://fbref.com/es/jugadores/fea73077/Juan-Zapata
Yorman Zapata,https://fbref.com/es/jugadores/2d6a53ad/Yorman-Zapata
Aldair Zárate,https://fbref.com/es/jugadores/6548e1f1/Aldair-Zarate
Joseph Zea,https://fbref.com/es/jugadores/4b642d16/Joseph-Zea
Mateo Zuleta,https://fbref.com/es/jugadores/2b2c7d68/Mateo-Zuleta
Cristian Zuñiga,https://fbref.com/es/jugadores/a29a1195/Cristian-Zuniga
José Zúñiga,https://fbref.com/es/jugadores/af89c75e/Jose-Zuniga
